RRF0,CHR0,CHR1,CHR2,CHR3,CHR4,CHR5,CHR6,CHR7,CHR8,CHR9,CHR10,CHR11,CHR12,CHR13,CHR14,CHR15,CHR16,CHR17,CHR18,CHR19,CHR20,CHR21,CHR22,CHR23,CHR24,CHR25,CHR26,CHR27,CHR28,CHR29,CHR30,CHR31,T0,H0,P0,GAS0,FAN0,Trial State
2000000,14696,940224,235080,601168,103935,58369,24244,378747,67722,455156,2000000,73682,10568,607076,136113,222119,159170,171486,138354,193975,218934,116827,32470,144686,27620,161064,34328,18459,1086864,636567,86298,103497,23.1,34.29,999.02,111087.0,-1,baseline
2000000,14669,943248,235019,601482,103998,58469,24262,378516,67751,455922,2000000,73755,10584,607136,136264,221621,159172,171402,138374,194129,219066,116829,32463,144721,27625,160758,34349,18459,1086913,636458,86287,103498,23.11,34.28,999.0,109448.48,-1,baseline
2000000,14678,941433,234753,601384,103893,58461,24260,378351,67725,453466,2000000,73695,10575,606867,136251,223514,159352,171354,138337,194014,219101,116820,32453,144699,27627,160671,34360,18430,1091197,636415,86290,103486,23.1,34.3,999.03,109871.24,-1,baseline
2000000,14678,941824,234981,600834,103935,58536,24282,378599,67711,453837,2000000,73701,10549,607244,136103,220812,159338,171509,138342,194028,219106,116752,32455,144689,27620,160806,34346,18420,1083978,636456,86276,103544,23.1,34.27,999.01,110154.9,-1,baseline
2000000,14680,944333,234524,600393,103901,58430,24290,378513,67717,455246,2000000,73692,10563,607812,136191,221264,159252,171260,138297,194074,219159,116865,32431,144642,27618,160749,34346,18443,1090973,636461,86303,103489,23.1,34.27,998.97,110870.5,-1,baseline
2000000,14678,940944,234685,600376,103859,58520,24237,378570,67743,455148,2000000,73686,10561,607092,136326,221757,159310,171418,138399,194026,219116,116798,32417,144745,27620,160805,34322,18405,1094204,636509,86223,103471,23.1,34.28,999.01,109589.03,-1,baseline
2000000,14662,940353,234900,600630,103894,58477,24237,378503,67777,454127,2000000,73685,10572,607992,136210,221248,159335,171490,138405,194019,219179,116826,32451,144727,27648,160740,34320,18432,1088827,636448,86237,103458,23.1,34.28,999.0,110083.85,-1,baseline
2000000,14671,936150,234913,600309,103889,58485,24253,378555,67751,454465,2000000,73727,10559,607869,136124,221698,159178,171452,138397,194027,219163,116801,32422,144697,27614,160807,34358,18430,1088085,636499,86285,103455,23.1,34.26,998.98,110942.57,-1,baseline
2000000,14676,940422,234929,600738,103890,58532,24246,378380,67738,455092,2000000,73716,10559,608325,136149,221796,159185,171211,138390,194033,219002,116762,32451,144679,27632,160821,34322,18448,1089235,636455,86314,103506,23.1,34.27,998.99,109098.65,-1,baseline
2000000,14691,939531,234882,600740,103923,58386,24251,378471,67753,455247,2000000,73682,10579,608069,136106,220980,159094,171517,138388,193947,219182,116825,32427,144684,27625,160830,34329,18402,1086280,636334,86254,103440,23.1,34.26,998.98,111014.74,-1,baseline
2000000,14682,941169,235073,600317,103803,58424,24251,378449,67748,455192,2000000,73698,10589,607967,136120,221714,159076,171386,138316,193812,219086,116769,32424,144591,27634,160837,34342,18411,1080267,636296,86316,103463,23.1,34.26,998.99,109942.02,-1,baseline
2000000,14723,942931,235116,600384,103927,58517,24258,378420,67720,454657,2000000,73647,10547,607378,136230,221563,159073,171621,138365,193954,219128,116750,32451,144635,27645,160812,34347,18427,1077589,636226,86325,103444,23.1,34.28,999.0,109098.65,-1,baseline
2000000,14671,943468,235089,600543,103904,58472,24210,378285,67700,455082,2000000,73690,10568,607976,136119,221146,159212,171153,138385,194080,219147,116742,32435,144536,27641,160772,34331,18446,1084985,636160,86302,103513,23.1,34.28,999.01,109659.45,-1,baseline
2000000,14683,938560,234981,600637,103909,58484,24247,378233,67729,454461,2000000,73646,10568,607804,136024,221060,159238,171288,138384,193864,219049,116808,32424,144642,27609,160918,34346,18422,1080428,636203,86242,103490,23.1,34.26,999.02,110154.9,-1,baseline
2000000,14698,941140,234892,600729,103836,58537,24246,378542,67740,454623,2000000,73649,10554,607386,136207,221669,159302,171451,138383,193962,219046,116779,32440,144623,27616,160839,34357,18438,1082541,636178,86278,103493,23.1,34.26,999.0,109378.33,-1,baseline
2000000,14691,942558,234924,600024,103844,58510,24255,378640,67735,456073,2000000,73630,10563,608196,136221,222214,159197,171399,138446,194016,219175,116795,32451,144581,27638,160862,34357,18434,1085430,636167,86317,103498,23.1,34.26,998.98,109729.96,-1,baseline
2000000,14703,942673,234819,600401,103965,58468,24246,378103,67733,455119,2000000,73667,10586,607474,136253,222009,159141,171579,138364,194018,219033,116762,32436,144595,27598,160780,34331,18402,1085526,636081,86268,103456,23.1,34.26,999.0,109871.24,-1,baseline
2000000,14694,944329,234835,600213,103937,58477,24269,378592,67714,454262,2000000,73689,10577,607471,136231,222146,159064,171567,138407,194044,219148,116823,32466,144516,27636,160915,34349,18421,1084815,636102,86258,103463,23.09,34.25,998.97,109518.71,-1,baseline
2000000,14687,943349,234882,600215,103910,58530,24260,378630,67726,455773,2000000,73684,10559,607846,136224,222245,159153,171621,138473,194046,219147,116731,32415,144401,27618,160904,34333,18425,1081521,636114,86278,103416,23.1,34.26,999.01,111159.35,-1,baseline
2000000,14677,944236,235132,600609,103982,58569,24271,378456,67723,455496,2000000,73678,10584,607936,136381,221575,159122,171550,138508,193839,219053,116759,32464,144456,27655,160842,34368,18433,1080357,636226,86257,103388,23.09,34.23,998.98,109800.55,-1,baseline
2000000,14700,941716,235315,600654,103942,58524,24241,378557,67708,454503,2000000,73734,10579,607682,136237,222654,159081,171260,138358,193947,219025,116801,32426,144463,27620,160802,34360,18429,1081665,636245,86274,103477,23.09,34.24,998.97,109800.55,-1,baseline
2000000,14705,939201,235129,599830,103939,58490,24264,378408,67692,454953,2000000,73721,10579,607925,136190,222636,159264,171488,138394,194002,218991,116909,32433,144433,27618,160777,34346,18443,1079052,636321,86251,103481,23.09,34.24,998.98,109518.71,-1,baseline
2000000,14676,942636,235055,600515,104003,58505,24239,378507,67692,454763,2000000,73703,10575,607853,136317,221889,159096,171402,138348,194075,219016,116881,32442,144543,27625,160898,34348,18413,1077284,636298,86247,103484,23.08,34.24,998.96,109659.45,-1,baseline
2000000,14698,944642,234788,600327,103975,58467,24285,378278,67706,453902,2000000,73718,10582,608293,136324,221260,159112,171458,138442,193952,219092,116745,32456,144447,27608,160829,34336,18400,1078100,636404,86282,103480,23.08,34.24,998.98,109448.48,-1,baseline
2000000,14676,941219,235126,599475,103897,58461,24248,378732,67719,455329,2000000,73704,10590,607335,136349,221671,159114,171388,138350,193943,219083,116808,32444,144540,27639,160933,34346,18450,1085487,636465,86291,103512,23.07,34.25,999.07,109659.45,-1,baseline
2000000,14700,940542,234880,599504,103956,58513,24289,378507,67713,455606,2000000,73726,10558,607149,136120,221598,159176,171447,138314,193974,219133,116825,32391,144452,27621,160855,34351,18430,1087529,636520,86272,103481,23.07,34.24,999.12,111159.35,-1,baseline
2000000,14685,945048,234748,600013,103966,58425,24258,378576,67730,455636,2000000,73768,10566,608783,136094,221713,159202,171231,138457,193951,219131,116785,32435,144471,27625,160869,34347,18427,1082991,636494,86299,103443,23.07,34.23,999.08,110368.61,-1,baseline
2000000,14703,938863,235016,599074,103982,58482,24289,378243,67674,455428,2000000,73771,10609,607602,136121,220702,159062,171354,138491,193951,219100,116801,32460,144471,27634,160872,34381,18443,1078946,636517,86334,103471,23.07,34.23,999.1,109448.48,-1,baseline
2000000,14710,939284,235113,599920,104024,58440,24263,378706,67748,455462,2000000,73760,10600,607790,136185,221398,159232,171415,138410,193969,219197,116760,32442,144392,27656,160867,34340,18441,1084399,636504,86293,103464,23.07,34.23,999.08,109518.71,-1,baseline
2000000,14696,941946,234833,599917,104000,58486,24248,378558,67690,455106,2000000,73718,10558,608130,136108,221757,159120,171287,138366,193809,218999,116759,32437,144434,27604,160781,34367,18430,1079938,636565,86336,103488,23.07,34.26,999.06,110870.5,-1,baseline
2000000,14700,943491,234858,600057,104091,58446,24273,378295,67763,455723,2000000,73762,10584,607774,136120,221598,159220,171311,138305,193745,219031,116870,32465,144381,27645,160806,34380,18439,1083419,636484,86320,103504,23.07,34.24,999.09,109800.55,-1,baseline
2000000,14684,943766,234686,600197,104002,58413,24255,378166,67734,454514,2000000,73787,10568,607752,135983,223532,159125,171518,138302,193854,218943,116767,32427,144494,27622,160827,34346,18425,1085934,636499,86218,103530,23.08,34.25,999.04,109448.48,-1,baseline
2000000,14723,942698,235248,600372,103933,58390,24264,378488,67678,454625,2000000,73731,10590,608124,136121,220734,159298,171619,138380,193851,219161,116880,32471,144525,27647,160783,34359,18416,1084136,636552,86318,103446,23.07,34.24,999.01,109942.02,-1,baseline
2000000,14717,941064,234967,600292,103913,58371,24262,378343,67739,455500,2000000,73720,10559,607386,136113,224063,159340,171273,138355,193766,219169,116745,32410,144560,27609,160988,34335,18409,1083989,636504,86297,103550,23.08,34.25,999.03,111087.0,-1,baseline
2000000,14698,941154,234820,600187,103902,58470,24271,378380,67699,455670,2000000,73772,10574,607960,136039,223215,159353,171594,138416,193930,219089,116849,32473,144482,27648,160777,34380,18441,1076661,636654,86296,103491,23.06,34.25,999.0,109518.71,-1,baseline
2000000,14687,943044,234814,600488,103955,58422,24261,378455,67697,455203,2000000,73769,10581,607522,136220,221580,159429,171476,138410,193946,219200,116823,32445,144488,27625,161004,34357,18475,1077990,636670,86284,103535,23.07,34.25,999.04,110942.57,-1,baseline
2000000,14714,941545,234927,600426,103932,58483,24289,378468,67701,455320,2000000,73702,10581,607689,136145,223237,159186,171393,138409,193811,219298,116760,32440,144527,27650,160874,34360,18411,1082714,636722,86244,103505,23.07,34.26,999.04,110368.61,-1,baseline
2000000,14712,942454,235204,600014,103960,58423,24257,378116,67689,455775,2000000,73713,10540,607446,136103,222132,159222,171215,138400,194003,219116,116737,32440,144419,27625,160854,34356,18431,1077864,636729,86223,103473,23.06,34.26,999.03,109942.02,-1,baseline
2000000,14698,940531,234741,600418,104063,58497,24262,377888,67701,455841,2000000,73767,10596,607778,136068,220956,159317,171605,138439,193886,219086,116876,32460,144468,27659,160762,34373,18468,1085462,636841,86284,103534,23.07,34.26,999.01,111014.74,-1,baseline
2000000,14703,941781,234277,600427,103924,58473,24242,378070,67720,454921,2000000,73755,10559,607648,136104,222866,159291,171393,138405,193988,219051,116770,32470,144424,27620,160711,34356,18418,1076003,636761,86285,103513,23.07,34.27,999.06,109378.33,-1,baseline
2000000,14650,943855,234965,600296,103926,58468,24242,378060,67723,455042,2000000,73727,10566,607392,136037,222464,159403,171439,138460,193955,219078,116827,32406,144464,27649,160744,34349,18423,1078609,636689,86231,103483,23.08,34.28,999.04,109800.55,-1,baseline
2000000,14703,939453,234873,600179,104012,58535,24298,378307,67733,454772,2000000,73757,10582,607188,136055,222178,159440,171440,138418,193992,219090,116892,32410,144470,27622,160806,34324,18446,1084307,636683,86265,103501,23.08,34.28,999.01,109518.71,-1,baseline
2000000,14684,943486,235163,600905,104005,58468,24287,378496,67724,455379,2000000,73759,10575,607418,136063,222225,159384,171469,138442,193915,219168,116806,32456,144524,27655,160694,34376,18450,1079022,636736,86304,103495,23.08,34.29,999.09,109448.48,-1,baseline
2000000,14694,942853,235527,600070,103935,58465,24291,378232,67750,455443,2000000,73792,10604,607472,136188,222388,159371,171423,138452,193884,219099,116966,32447,144583,27650,160903,34351,18427,1092727,636850,86262,103540,23.07,34.29,999.11,111376.98,-1,baseline
2000000,14677,940510,234289,600218,103973,58521,24298,378551,67779,454420,2000000,73805,10595,607938,136269,222466,159287,171285,138419,193965,219232,116752,32424,144505,27630,160738,34399,18468,1079456,636816,86288,103532,23.08,34.29,999.09,110012.89,-1,baseline
2000000,14700,943455,235117,600026,103852,58499,24251,378659,67768,455486,2000000,73787,10602,607857,136207,222126,159209,171569,138410,194106,219131,116763,32436,144498,27622,160860,34346,18409,1082058,636727,86297,103483,23.08,34.3,999.1,110798.53,-1,baseline
2000000,14719,940560,234918,600625,103936,58454,24257,378603,67791,455778,2000000,73741,10611,607520,136173,222387,159407,171688,138461,193966,219172,116872,32487,144666,27648,161001,34405,18450,1077297,636800,86312,103518,23.08,34.29,999.16,109659.45,-1,baseline
2000000,14669,940349,235454,600496,103911,58407,24251,378150,67751,454992,2000000,73723,10598,607074,136146,221890,159282,171454,138497,194052,219168,116838,32446,144561,27640,160927,34353,18441,1078259,636789,86212,103483,23.08,34.3,999.05,109238.32,-1,baseline
2000000,14666,941776,233106,600217,104114,58425,24266,378367,67782,453910,2000000,73745,10579,607609,136089,222819,159369,171415,138398,194193,219114,116832,32464,144602,27656,160926,34337,18414,1077314,636767,86230,103459,23.08,34.31,999.02,109871.24,-1,baseline
2000000,14685,940534,235177,599485,103989,58436,24257,378433,67721,454393,2000000,73817,10584,608218,136046,223305,159175,171637,138350,194093,219088,116898,32429,144485,27620,160929,34346,18436,1073448,636847,86258,103539,23.07,34.29,999.02,110012.89,-1,baseline
2000000,14677,939686,234494,599883,104003,58424,24262,378613,67761,455334,2000000,73770,10593,607735,136101,222274,159283,171289,138507,194047,219203,116895,32436,144534,27634,160934,34345,18425,1083547,636845,86270,103479,23.08,34.3,999.03,110154.9,-1,baseline
2000000,14657,939586,234303,600163,103979,58423,24285,378617,67712,454600,2000000,73806,10586,607742,136006,221883,159442,171561,138491,194165,219194,116858,32444,144620,27642,160976,34396,18422,1079518,636845,86333,103498,23.09,34.32,999.03,110012.89,-1,baseline
2000000,14685,939527,235323,599880,103979,58427,24233,378514,67723,454223,2000000,73760,10591,607819,136135,222349,159268,171439,138477,194041,219179,116821,32424,144489,27641,160848,34357,18414,1076955,636824,86294,103478,23.08,34.31,999.04,109168.44,-1,baseline
2000000,14698,939738,235185,600070,104027,58505,24287,378396,67726,453205,2000000,73741,10559,607567,136024,221724,159340,171533,138499,193933,218988,116789,32444,144532,27645,161007,34393,18421,1089274,636873,86261,103515,23.08,34.32,999.04,111595.46,-1,baseline
2000000,14687,941260,235315,600329,103975,58490,24255,378216,67708,453812,2000000,73789,10584,607482,136082,223715,159130,171418,138447,194025,219169,116748,32455,144531,27659,160905,34356,18420,1071598,636827,86262,103508,23.08,34.33,999.03,109589.03,-1,baseline
2000000,14721,939730,235201,600028,104084,58560,24280,378325,67725,454679,2000000,73744,10591,608338,136208,222066,159170,171304,138382,194099,219153,116837,32458,144542,27652,160881,34375,18445,1078902,636886,86299,103494,23.08,34.33,999.05,111159.35,-1,baseline
2000000,14707,940445,234952,600479,104032,58415,24278,378362,67729,455278,2000000,73794,10595,607847,136264,223190,159367,171341,138451,194114,219394,116903,32498,144606,27637,160907,34385,18447,1094273,636911,86297,103512,23.08,34.33,999.04,109871.24,-1,baseline
2000000,14676,938951,234724,600820,104012,58443,24257,378328,67792,454111,2000000,73819,10565,607539,136042,222289,159329,171268,138393,194117,219181,116830,32465,144606,27647,160901,34371,18443,1082824,636913,86282,103455,23.08,34.33,999.06,110154.9,-1,baseline
2000000,14705,937289,234769,600222,104082,58452,24253,378113,67759,454271,2000000,73785,10570,606980,136002,223223,159305,171037,138339,194068,219045,116790,32436,144530,27621,160832,34347,18416,1077818,636875,86247,103461,23.08,34.33,999.04,109518.71,-1,baseline
2000000,14669,937963,234959,600271,103999,58470,24277,378346,67727,454520,2000000,73773,10554,607814,136166,223004,159386,171602,138336,194071,219177,116805,32421,144598,27650,160867,34382,18461,1085318,636851,86267,103481,23.07,34.34,999.04,109308.28,-1,baseline
2000000,14675,941107,235229,599904,103992,58421,24246,378075,67751,454105,2000000,73752,10559,607691,136127,221880,159213,171325,138444,194210,218879,116723,32475,144676,27658,160961,34358,18418,1086195,636864,86209,103524,23.07,34.33,999.05,109589.03,-1,exposure
2000000,14673,942329,234803,600004,103971,58420,24239,378361,67679,453825,2000000,73856,10577,607308,136211,222768,159170,171440,138481,194130,219078,116800,32450,144476,27638,160943,34370,18411,1079454,637065,86243,103503,23.07,34.33,999.03,110297.28,-1,exposure
2000000,14691,940943,235026,600093,104007,58430,24264,378573,67745,455281,2000000,74026,10573,607550,136359,222121,159301,171468,138476,194197,218955,116804,32471,144665,27634,160973,34376,18459,1075145,637885,86204,103536,23.07,34.35,999.05,109589.03,-1,exposure
2000000,14689,943292,234582,600895,103991,58405,24251,378670,67750,455207,2000000,74210,10565,607352,136243,222183,159193,171470,138514,194206,219097,116881,32446,145076,27647,160962,34427,18509,1083817,643399,86277,103586,23.08,34.35,999.0,110083.85,-1,exposure
2000000,14689,941710,234620,603203,104124,58515,24268,379228,67726,455277,2000000,74706,10584,607642,136608,221933,159139,171737,138483,194348,218981,116841,32468,146363,27663,160967,34442,18639,1089846,654513,86286,103717,23.08,34.37,999.03,110654.85,-1,exposure
2000000,14714,944551,234760,604601,103987,58463,24255,379166,67736,455029,2000000,74834,10579,608020,136341,222022,159116,171511,138487,194368,219060,116849,32446,147610,27656,160830,34513,18718,1091663,665279,86322,103796,23.08,34.39,999.01,110440.03,-1,exposure
2000000,14703,942042,234397,604593,104047,58482,24246,379179,67656,454908,2000000,74850,10570,608485,136397,220605,159272,171557,138574,194273,219218,116767,32458,149055,27676,160766,34517,18790,1088918,675234,86328,103865,23.09,34.39,999.01,109942.02,-1,exposure
2000000,14659,941991,234630,603845,103894,58463,24236,379008,67675,455325,2000000,75022,10559,608013,136446,221693,159313,171234,138565,194583,219092,116867,32437,150345,27678,160819,34543,18867,1081489,684103,86346,103875,23.09,34.44,999.04,110583.15,-1,exposure
2000000,14660,945418,234719,604390,104073,58568,24246,379220,67692,455093,2000000,75080,10565,607471,136425,220940,159207,171485,138521,194387,219166,116874,32449,151652,27683,160956,34571,18963,1081259,691764,86337,103978,23.09,34.47,998.99,110440.03,-1,exposure
2000000,14678,943890,234594,604114,103960,58522,24268,379313,67711,454848,2000000,75148,10568,607628,136553,220414,159273,171252,138504,194444,219381,116830,32451,153003,27694,160864,34555,19003,1072872,699158,86352,103992,23.1,34.49,999.01,111087.0,-1,exposure
2000000,14699,942502,234643,604597,104038,58517,24268,379567,67737,455201,2000000,75141,10572,607658,136758,219439,159246,171371,138564,194571,219238,116857,32453,154213,27721,160678,34596,19029,1075988,705180,86354,104026,23.1,34.51,999.04,109729.96,-1,exposure
2000000,14678,942075,234834,604897,103960,58535,24266,379765,67742,454676,2000000,75228,10586,607505,136741,220062,159201,171539,138516,194621,219133,116827,32428,155559,27694,160668,34590,19063,1057577,711172,86339,104050,23.1,34.52,999.03,109098.65,-1,exposure
2000000,14662,942046,234817,604732,104093,58538,24243,379694,67697,455093,2000000,75304,10563,608089,136803,220341,159399,171499,138412,194649,219137,116974,32453,156535,27699,160703,34599,19104,1051684,716412,86397,104113,23.1,34.55,999.02,109168.44,-1,exposure
2000000,14689,943524,234513,604824,103987,58540,24291,379489,67689,454725,2000000,75222,10545,608161,136914,219431,159267,171569,138555,194838,219284,116928,32446,157780,27689,160675,34576,19145,1020175,720255,86378,104093,23.1,34.56,999.04,108751.06,-1,exposure
2000000,14677,941630,234692,605047,103919,58491,24246,379612,67709,455149,2000000,75334,10559,608079,136718,222364,159323,171778,138572,194787,219150,116851,32459,158879,27667,160926,34623,19201,1033843,725049,86377,104119,23.1,34.56,999.07,109729.96,-1,exposure
2000000,14714,943367,234305,605116,104036,58610,24303,379841,67738,455861,2000000,75425,10588,609197,136818,220133,159498,171609,138465,194874,219222,116834,32466,160007,27696,160978,34630,19224,1046132,729462,86416,104171,23.1,34.57,999.01,110368.61,-1,exposure
2000000,14684,945870,234426,605078,103964,58674,24250,379807,67716,455436,2000000,75540,10556,609176,136758,219955,159321,171605,138533,194750,219036,116734,32469,161214,27698,160930,34631,19240,1046621,732354,86415,104165,23.1,34.59,999.04,109589.03,-1,exposure
2000000,14680,944566,234677,605312,104032,58585,24275,379528,67703,455580,2000000,75378,10586,609458,136784,219007,159228,171447,138503,194643,219240,116838,32487,162079,27759,160737,34649,19272,1050807,736066,86388,104180,23.1,34.62,999.02,110297.28,-1,exposure
2000000,14708,941980,234356,605809,103920,58596,24266,380018,67780,455988,2000000,75473,10590,609113,136881,220073,159319,171662,138557,194764,219312,116828,32480,162997,27748,160809,34663,19274,1054414,739303,86410,104218,23.1,34.62,999.02,109308.28,-1,exposure
2000000,14677,941249,233996,605453,103929,58477,24273,380088,67759,456399,2000000,75530,10593,609390,136756,220341,159297,171345,138512,194617,219092,116862,32446,163967,27737,160804,34678,19306,1075488,743208,86451,104183,23.09,34.63,999.01,111159.35,-1,exposure
2000000,14696,939831,234362,605545,104105,58568,24270,380040,67746,456663,2000000,75599,10590,608597,136602,220980,159140,171739,138445,194655,219244,116931,32505,164622,27754,160731,34650,19319,1069372,745774,86413,104248,23.1,34.63,999.04,109308.28,-1,exposure
2000000,14684,939269,234839,605319,104043,58610,24257,379785,67736,455412,2000000,75349,10598,608319,136748,220195,159236,171350,138433,194698,219360,116877,32500,165768,27705,160721,34675,19339,1055038,748009,86384,104268,23.1,34.65,999.05,111014.74,-1,exposure
2000000,14694,942500,234722,605782,103971,58647,24259,380189,67748,455069,2000000,75664,10566,608780,136948,220476,159406,171418,138566,194719,219261,116839,32507,166678,27739,160763,34654,19348,1064753,749198,86378,104214,23.1,34.66,999.03,110368.61,-1,exposure
2000000,14715,939643,234357,606006,103940,58643,24294,379671,67722,455687,2000000,75702,10584,609231,137019,221137,159310,171509,138473,194785,219216,116849,32503,167602,27689,160710,34661,19360,1057759,750966,86420,104298,23.11,34.66,999.05,109308.28,-1,exposure
2000000,14683,942252,234771,605881,104040,58582,24294,379965,67760,455292,2000000,75689,10559,608848,136786,222058,159315,171362,138582,194730,219071,116896,32462,168409,27755,160765,34626,19350,1063832,753268,86368,104253,23.11,34.67,999.02,109308.28,-1,exposure
2000000,14653,940491,234783,605873,103967,58591,24271,379893,67707,455710,2000000,75514,10582,608264,137019,222240,159240,171503,138533,194620,219290,116836,32486,169053,27725,160773,34655,19394,1062701,756282,86416,104242,23.11,34.69,999.06,110870.5,-1,exposure
2000000,14691,941738,235924,605686,103967,58612,24254,380093,67693,454495,2000000,75403,10563,608164,136825,220735,159104,171611,138561,194718,219168,116826,32464,170018,27745,160793,34629,19380,1062406,757025,86372,104284,23.11,34.7,999.06,110154.9,-1,exposure
2000000,14700,941682,235450,606098,104035,58544,24253,380162,67716,454798,2000000,75708,10593,608815,136897,220418,159189,171724,138467,194582,219292,116928,32464,170384,27754,160796,34655,19398,1053763,759116,86427,104238,23.11,34.71,999.03,110583.15,-1,exposure
2000000,14664,941327,235594,606420,104038,58572,24273,380044,67756,455829,2000000,75945,10577,608850,136909,222071,159264,171563,138498,194595,219380,116866,32489,171175,27788,160749,34661,19400,1041451,760794,86448,104291,23.1,34.72,999.05,110368.61,-1,exposure
2000000,14721,943152,234653,606333,104067,58625,24298,380003,67755,455904,2000000,75657,10590,609172,136985,221568,159239,171636,138562,194690,219455,116870,32497,172066,27741,160742,34646,19402,1051212,762212,86413,104291,23.1,34.72,999.04,110368.61,-1,exposure
2000000,14691,940663,234895,606544,104109,58536,24273,379660,67717,454684,2000000,76008,10607,608439,137040,220193,159273,171520,138497,194748,219258,116981,32513,172958,27752,160808,34641,19423,1042737,763916,86416,104297,23.11,34.71,999.04,109448.48,-1,exposure
2000000,14700,940344,234836,606731,104069,58533,24269,379858,67726,456013,2000000,75618,10563,608620,136902,220385,159115,171379,138404,194824,219195,116791,32532,173826,27740,160690,34673,19436,1043038,764585,86458,104316,23.11,34.72,999.01,109168.44,-1,exposure
2000000,14719,939444,234678,606676,104030,58522,24285,380139,67735,455251,2000000,75758,10575,608374,136694,221820,159168,171481,138443,194902,219194,116947,32489,174661,27750,160670,34639,19456,1052525,765764,86457,104320,23.11,34.72,999.0,110368.61,-1,exposure
2000000,14701,942042,234383,607190,104127,58560,24262,379876,67708,455276,2000000,75619,10579,609262,136858,221671,159351,171434,138455,195006,219420,116907,32488,175391,27743,160621,34681,19461,1046620,767254,86435,104357,23.12,34.75,999.04,109308.28,-1,exposure
2000000,14705,945612,234860,607297,104138,58592,24283,380026,67735,454455,2000000,76001,10605,609225,137218,221976,159377,171651,138567,194875,219459,116975,32505,176089,27761,160689,34693,19498,1041384,768306,86465,104323,23.12,34.75,999.03,109028.96,-1,exposure
2000000,14707,943296,234737,607258,104051,58553,24275,380203,67721,456521,2000000,75970,10590,608310,137012,221318,159317,171603,138530,194866,219409,116928,32504,176872,27809,160658,34675,19492,1036733,768526,86429,104312,23.12,34.77,999.0,110511.54,-1,exposure
2000000,14708,942781,234281,607113,103886,58539,24275,380184,67723,455256,2000000,76008,10604,608397,137032,221502,159239,171893,138482,194640,219457,116889,32495,177701,27757,160666,34688,19488,1029306,768943,86469,104356,23.13,34.77,999.02,108820.4,-1,exposure
2000000,14717,942592,234430,606828,104112,58585,24282,380314,67726,454907,2000000,76117,10597,608289,136774,221784,159177,171597,138591,194869,219465,116976,32476,178299,27786,160535,34659,19453,1024242,770002,86374,104264,23.13,34.76,999.03,108889.83,-1,exposure
2000000,14682,943798,234092,606494,104104,58555,24264,380135,67682,455374,2000000,75667,10552,607795,136974,221529,159283,171430,138455,194565,219409,116996,32531,178892,27775,160609,34693,19488,1017595,769874,86416,104336,23.13,34.77,999.0,110226.04,-1,exposure
2000000,14693,940937,234657,606923,104088,58595,24248,380277,67683,455928,2000000,75783,10550,607614,136940,219984,159225,171450,138547,194787,219279,116910,32480,179424,27745,160578,34668,19491,1033108,771577,86352,104319,23.12,34.78,999.01,108959.35,-1,exposure
2000000,14700,944461,234599,606464,104081,58548,24259,380299,67677,454980,2000000,75970,10552,607487,137053,222123,159176,171388,138495,194811,219159,116959,32488,180024,27756,160773,34654,19470,1017818,771926,86387,104301,23.13,34.78,999.01,109659.45,-1,exposure
2000000,14671,947531,234288,606415,104067,58628,24259,380162,67722,454034,2000000,75801,10533,607957,137042,222024,159251,171256,138552,194751,219351,116931,32513,180504,27772,160727,34649,19472,1020254,773460,86418,104392,23.13,34.8,999.0,109942.02,-1,exposure
2000000,14668,941174,234100,607187,104010,58611,24262,379769,67725,455043,2000000,75789,10577,608633,136958,219335,159257,171498,138615,194762,219345,116859,32479,181259,27754,160561,34664,19470,1035941,773910,86325,104366,23.12,34.8,998.99,108959.35,-1,exposure
2000000,14682,942617,234593,606822,104089,58623,24255,380400,67736,455354,2000000,76079,10598,608312,137042,220118,159285,171612,138538,194880,219482,116853,32491,181854,27750,160689,34702,19495,1013869,774516,86342,104363,23.13,34.83,999.01,110083.85,-1,exposure
2000000,14692,944998,234437,606972,104002,58687,24235,380549,67716,455278,2000000,75970,10575,607176,137056,220459,159356,171441,138518,194804,219498,116828,32479,182408,27754,160789,34688,19490,1016944,775456,86326,104371,23.14,34.8,999.02,109448.48,-1,exposure
2000000,14691,940650,234108,607306,103975,58626,24232,380628,67706,456263,2000000,75958,10554,608237,136982,219786,159362,171430,138553,194916,219572,116857,32479,183196,27759,160692,34661,19502,1035882,775416,86373,104387,23.14,34.81,999.0,109238.32,-1,exposure
2000000,14675,941943,234363,606417,104027,58524,24206,380430,67679,456018,2000000,75847,10535,608404,136863,221114,159282,171336,138544,194829,219557,116856,32444,183662,27745,160591,34665,19497,1038655,775267,86379,104347,23.14,34.82,999.0,108681.8,-1,exposure
2000000,14648,941623,234179,606810,104016,58568,24253,380543,67694,455691,2000000,75972,10565,607454,136838,220981,159176,171401,138555,194843,219467,116955,32511,184162,27759,160713,34654,19474,1029545,776496,86343,104376,23.14,34.83,999.01,111087.0,-1,exposure
2000000,14667,941420,234407,606585,104029,58478,24239,380497,67688,456074,2000000,75898,10547,607578,136942,220090,159119,171583,138528,194933,219535,116932,32500,184891,27753,160857,34659,19511,1036058,776901,86336,104377,23.14,34.82,999.04,108751.06,-1,exposure
2000000,14691,937679,234261,606970,103998,58557,24237,380499,67691,455832,2000000,75852,10563,607965,137068,219866,159147,171701,138480,194780,219524,116875,32477,185385,27727,160688,34644,19501,1030162,777885,86327,104400,23.14,34.82,999.02,109378.33,-1,exposure
2000000,14676,940180,234621,606733,104010,58532,24226,380532,67695,456127,2000000,75629,10568,607374,136979,221673,159211,171535,138593,194963,219563,116886,32480,185991,27756,160657,34654,19503,1032339,777624,86408,104428,23.14,34.84,999.02,110583.15,-1,exposure
2000000,14701,938577,234513,606945,104113,58614,24265,380579,67733,456335,2000000,75953,10581,607203,137182,222546,159354,171725,138577,195057,219511,116918,32501,186562,27799,160720,34665,19551,1028362,777840,86373,104396,23.15,34.85,999.03,111014.74,-1,exposure
2000000,14694,942120,235154,606783,104082,58677,24280,380378,67729,455658,2000000,75779,10556,607956,136882,223072,159308,171638,138625,195077,219461,116909,32514,187059,27763,160599,34681,19549,1030627,777900,86346,104413,23.15,34.84,999.01,110154.9,-1,exposure
2000000,14680,943775,234621,607191,104130,58562,24257,380281,67706,456236,2000000,76018,10550,607699,137042,222781,159300,171377,138575,194890,219335,116912,32500,187657,27757,160613,34657,19529,1019926,778823,86368,104406,23.14,34.86,999.04,111014.74,-1,exposure
2000000,14684,942167,234581,607092,104094,58601,24237,380234,67722,456360,2000000,76002,10547,607194,137051,222409,159133,171633,138565,194915,219642,116882,32478,188131,27777,160625,34690,19544,1022535,779682,86338,104393,23.15,34.84,999.03,110154.9,-1,exposure
2000000,14721,943281,234271,606618,104134,58638,24271,380562,67708,455308,2000000,76108,10591,607964,136868,222322,159307,171686,138570,194859,219458,116879,32475,188704,27734,160662,34699,19508,1023901,779489,86326,104359,23.14,34.85,999.05,110440.03,-1,exposure
2000000,14685,943956,234091,606413,104047,58728,24275,380563,67742,455602,2000000,75849,10545,607915,136869,222738,159396,171637,138572,194773,219465,116899,32505,189066,27788,160747,34699,19553,1022883,780617,86385,104387,23.14,34.85,999.02,108820.4,-1,exposure
2000000,14691,942301,234605,606736,104034,58594,24260,380267,67742,455871,2000000,75779,10579,607217,137034,220632,159280,171809,138548,194719,219459,116841,32488,189521,27792,160812,34695,19549,1025921,781245,86343,104353,23.13,34.87,999.05,110583.15,-1,exposure
2000000,14707,941470,234112,606923,104058,58650,24296,380770,67775,456043,2000000,75763,10614,607015,137017,221101,159284,171783,138548,194835,219546,116925,32530,190129,27777,160680,34701,19538,1016144,781794,86445,104413,23.14,34.87,999.07,109098.65,-1,exposure
2000000,14699,939608,234258,606443,104029,58593,24312,380630,67725,456947,2000000,76097,10590,608291,137233,221987,159269,171913,138576,194756,219534,117012,32549,190458,27804,160750,34708,19537,1013689,781825,86367,104361,23.14,34.86,999.07,109448.48,-1,exposure
2000000,14719,940202,233785,606227,104011,58607,24280,380240,67719,456048,2000000,75582,10575,607666,136982,220341,159395,171620,138490,194638,219427,116905,32485,189496,27792,160687,34656,19481,1015956,775474,86379,104337,23.13,34.87,999.1,109378.33,-1,recovery
2000000,14687,941391,234378,606828,103982,58533,24256,380511,67736,456224,2000000,76354,10575,607726,136839,220935,159175,171845,138524,194959,219528,116942,32496,190750,27802,160669,34697,19571,1020450,782154,86376,104417,23.14,34.87,999.1,111087.0,-1,recovery
2000000,14691,942894,234118,606905,104076,58559,24259,380992,67702,455830,2000000,76039,10556,607730,137053,220268,159420,171979,138550,194911,219600,116927,32506,191804,27807,160730,34719,19591,1017644,785783,86417,104371,23.14,34.87,999.1,108959.35,-1,recovery
2000000,14693,944497,234527,609434,104038,58639,24232,381083,67718,456442,2000000,76801,10591,608539,137193,219891,159345,172330,138566,194913,219672,116897,32491,193009,27783,160714,34702,19600,1005531,782496,86431,104434,23.14,34.87,999.07,108474.57,-1,recovery
2000000,14707,942839,234423,611122,104000,58563,24282,380689,67735,456478,2000000,75930,10588,608551,137061,221637,159372,171621,138537,194792,219566,116871,32520,191999,27775,160537,34662,19463,1002623,765648,86335,104321,23.14,34.9,999.05,108820.4,-1,recovery
2000000,14705,943159,234455,610465,104022,58632,24260,380374,67731,455124,2000000,75541,10566,607901,136831,222596,159196,171538,138582,194648,219502,116843,32446,189753,27734,160504,34580,19255,1026544,746903,86359,104194,23.14,34.9,999.05,110654.85,-1,recovery
2000000,14698,945384,234218,609505,104084,58550,24271,380464,67737,455660,2000000,75241,10586,608152,136868,222211,159417,171465,138525,194523,219631,116847,32469,187613,27737,160824,34511,19149,1034575,731173,86317,104069,23.15,34.92,999.03,109589.03,-1,recovery
2000000,14660,941153,234036,607963,104004,58472,24228,380057,67739,455751,2000000,75079,10565,607799,136683,222222,159385,171849,138507,194552,219679,116823,32494,185498,27721,160493,34481,19059,1015398,718303,86347,104045,23.15,34.93,999.05,110511.54,-1,recovery
2000000,14714,944173,234091,607604,103960,58551,24285,379991,67732,455319,2000000,74998,10616,607983,136607,222055,159447,171548,138487,194313,219484,116731,32489,183491,27741,160555,34475,18999,1040267,707757,86329,104027,23.15,34.94,999.07,108751.06,-1,recovery
2000000,14680,943698,234096,606437,104075,58476,24242,380204,67705,453911,2000000,74733,10597,608219,136531,222909,159430,171568,138476,194411,219407,116834,32471,181582,27727,160593,34444,18928,1042497,699250,86344,103956,23.15,34.96,999.04,109098.65,-1,recovery
2000000,14702,941978,234445,606371,104033,58460,24255,380290,67717,455438,2000000,74673,10598,608830,136620,221333,159437,171619,138522,194443,219758,116938,32444,179984,27745,160581,34426,18869,1036274,692414,86295,103896,23.15,34.97,999.05,110368.61,-1,recovery
2000000,14716,942042,234285,606274,104025,58409,24275,380074,67710,455619,2000000,74572,10563,608847,136493,222286,159364,171544,138565,194521,219416,116833,32441,178454,27714,160707,34401,18838,1045748,686535,86292,103851,23.16,34.98,999.07,109518.71,-1,recovery
2000000,14709,945756,234350,605671,104019,58452,24266,380175,67740,455082,2000000,74454,10591,607946,136481,222989,159204,171614,138499,194395,219460,116724,32460,176904,27718,160719,34408,18795,1061252,681711,86307,103813,23.16,34.96,999.06,108681.8,-1,recovery
2000000,14691,943492,234432,605254,103874,58506,24253,379482,67728,455749,2000000,74472,10584,608254,136429,222484,159315,171581,138468,194490,219412,116756,32446,175498,27694,160642,34403,18738,1033594,678105,86338,103791,23.15,34.95,999.01,109308.28,-1,recovery
2000000,14709,943040,234435,605607,103914,58498,24246,379667,67727,453595,2000000,74351,10609,607793,136420,221954,159280,171771,138426,194316,219323,116783,32449,174285,27732,160622,34422,18734,1023461,674881,86331,103819,23.15,34.95,999.0,110226.04,-1,recovery
2000000,14716,946428,234644,604243,103971,58509,24271,379414,67752,455070,2000000,74418,10577,608203,136238,221532,159331,171690,138408,194222,219300,116835,32459,172930,27705,160683,34386,18696,1056904,671978,86321,103761,23.15,34.93,998.99,109028.96,-1,recovery
2000000,14682,944135,234248,603880,103899,58461,24217,379328,67726,456152,2000000,74249,10570,607342,136452,221478,159458,171383,138463,194279,219377,116824,32489,172073,27694,160699,34385,18666,1062354,669589,86293,103698,23.15,34.92,999.0,110798.53,-1,recovery
2000000,14684,944819,234610,603205,103945,58564,24244,379356,67695,454529,2000000,74232,10588,607725,136127,221559,159378,171620,138447,194439,219442,116956,32472,170956,27723,160658,34380,18678,1068139,667368,86305,103658,23.15,34.9,999.01,108681.8,-1,recovery
2000000,14709,943243,234844,603315,103886,58366,24241,379468,67711,455616,2000000,74150,10570,607761,136300,221238,159290,171438,138385,194340,219418,116917,32448,170050,27694,160777,34373,18665,1062970,665314,86250,103682,23.15,34.88,999.02,110798.53,-1,recovery
2000000,14662,944976,234811,603510,103919,58440,24246,379403,67711,455955,2000000,74218,10544,608011,136364,221659,159273,171424,138497,194250,219324,116811,32469,169151,27699,160844,34406,18657,1073501,663667,86329,103674,23.15,34.88,999.03,109238.32,-1,recovery
2000000,14724,943837,234420,602865,103919,58465,24235,379551,67738,455789,2000000,74228,10590,607806,136193,222032,159467,171397,138451,194173,219425,116862,32439,168467,27691,160738,34385,18626,1067023,662266,86322,103659,23.15,34.87,998.99,109659.45,-1,recovery
2000000,14698,945445,234575,602506,104027,58435,24289,379013,67699,455985,2000000,74171,10590,607637,136173,223116,159390,171778,138426,194169,219371,116859,32458,167641,27692,160778,34399,18626,1080401,660966,86337,103620,23.15,34.86,999.02,110012.89,-1,recovery
2000000,14703,940467,234428,602914,103951,58505,24252,379160,67738,455214,2000000,74130,10568,607786,136323,221889,159322,171613,138467,194228,219514,116835,32475,167023,27732,160750,34402,18635,1069071,659550,86311,103658,23.15,34.84,999.03,109308.28,-1,recovery
2000000,14693,940421,234604,602493,103983,58490,24226,378895,67751,456076,2000000,74093,10554,607906,136457,221795,159293,171344,138477,194237,219566,116804,32478,166248,27707,160943,34384,18610,1073528,658243,86278,103667,23.16,34.82,999.04,110083.85,-1,recovery
2000000,14698,938830,234418,602360,103991,58454,24266,379047,67727,454913,2000000,74077,10595,607770,136294,222561,159485,171513,138496,194178,219285,116893,32462,165669,27739,160844,34418,18660,1076971,657301,86319,103663,23.16,34.82,999.04,109659.45,-1,recovery
2000000,14707,941177,234455,601779,104007,58480,24273,378964,67709,454720,2000000,74064,10588,607760,136298,222480,159421,171743,138331,194031,219181,116936,32449,165075,27694,160906,34395,18635,1082898,656482,86304,103606,23.16,34.8,999.01,111014.74,-1,recovery
2000000,14700,942788,234312,601912,103922,58482,24259,379126,67683,454521,2000000,74096,10568,607175,136210,222961,159398,171365,138401,194138,219115,116871,32453,164402,27698,160932,34402,18594,1082248,655603,86291,103663,23.15,34.78,999.01,110083.85,-1,recovery
2000000,14685,939594,234367,602095,104000,58451,24241,379206,67697,454961,2000000,74097,10577,607126,136247,222411,159181,171240,138315,194162,219281,116856,32537,164017,27721,160927,34431,18620,1085857,654920,86357,103657,23.15,34.78,999.02,108889.83,-1,recovery
2000000,14721,936625,234949,601705,103954,58471,24275,378943,67655,455606,2000000,74093,10581,607748,136119,221451,159185,171579,138442,194061,219251,116804,32485,163410,27741,160906,34396,18603,1081045,654177,86279,103678,23.15,34.77,999.02,109308.28,-1,recovery
2000000,14693,937964,234555,602196,103933,58478,24287,379178,67670,454203,2000000,74069,10604,607369,136212,222104,159258,171392,138396,193949,219083,116866,32475,162969,27701,160985,34400,18590,1082663,653529,86305,103644,23.15,34.75,998.99,108751.06,-1,recovery
2000000,14673,943483,234504,602277,103919,58450,24266,378802,67696,454218,2000000,74022,10602,607811,136084,222001,159189,171550,138402,194146,219199,116887,32453,162412,27700,160818,34380,18542,1068304,652794,86278,103642,23.15,34.74,999.0,110583.15,-1,recovery
2000000,14698,944961,234835,602263,103923,58382,24291,379005,67700,455852,2000000,74024,10570,607831,136121,221539,159301,171575,138312,194057,219068,116817,32447,161979,27689,161033,34364,18562,1081990,652217,86241,103641,23.14,34.74,999.01,109448.48,-1,recovery
2000000,14682,942381,234320,600974,103876,58414,24248,378805,67717,456020,2000000,74014,10568,608293,136139,223044,159303,171710,138334,194055,219166,116764,32451,161413,27692,160894,34397,18574,1074082,651649,86332,103639,23.15,34.72,998.99,110297.28,-1,recovery
2000000,14717,944918,234624,601108,103983,58453,24255,378989,67695,455794,2000000,74070,10565,607567,136179,222403,159207,171680,138266,194135,219291,116761,32467,161012,27692,160993,34377,18554,1072457,651191,86263,103608,23.14,34.72,998.98,109098.65,-1,recovery
2000000,14707,941769,234906,601011,104011,58486,24255,379045,67661,454525,2000000,73997,10597,607683,136272,222229,159480,171793,138336,194063,219322,116800,32465,160507,27705,160872,34375,18559,1069217,650688,86247,103569,23.14,34.71,998.99,108820.4,-1,recovery
2000000,14680,939238,234861,601164,103992,58430,24244,378997,67702,455248,2000000,73989,10590,608158,136188,221538,159325,171779,138309,194037,219211,116853,32453,160205,27705,160765,34364,18530,1070587,650321,86225,103635,23.13,34.69,998.97,110654.85,-1,recovery
2000000,14723,939385,234727,601195,104025,58533,24280,378988,67670,454872,2000000,74005,10604,607897,136234,221658,159350,171589,138408,194025,219157,116824,32445,159696,27683,160832,34393,18551,1072234,649922,86325,103638,23.14,34.68,999.01,109168.44,-1,recovery
2000000,14712,939936,234577,601038,104042,58420,24285,378791,67735,454290,2000000,74020,10582,608260,136175,222116,159271,171703,138360,193985,219216,116817,32476,159386,27694,160900,34384,18556,1078558,649424,86234,103588,23.14,34.67,999.01,109098.65,-1,recovery
2000000,14684,939749,233892,601161,103862,58393,24259,378947,67667,454550,2000000,74005,10554,607703,136183,222338,159394,171782,138404,194153,219324,116870,32487,158996,27719,160923,34368,18545,1069364,649015,86247,103597,23.14,34.68,998.98,110583.15,-1,recovery
2000000,14685,936298,234326,600664,104116,58417,24239,378934,67705,454152,2000000,74001,10575,607786,136123,222179,159276,171601,138383,194077,219252,116787,32475,158652,27695,161010,34403,18566,1068174,648787,86271,103583,23.14,34.64,999.0,110726.64,-1,recovery
2000000,14719,940380,234857,600003,104022,58451,24266,379056,67725,454877,2000000,74019,10563,607353,136051,221439,159414,171334,138401,194037,219068,116846,32460,158419,27690,160867,34389,18551,1076417,648379,86287,103639,23.13,34.65,999.01,109238.32,-1,recovery
2000000,14692,939834,234071,600430,104022,58484,24260,378961,67714,454415,2000000,73896,10566,607265,136203,220182,159216,171394,138373,193947,219166,116698,32433,158113,27688,160935,34380,18561,1080845,648176,86319,103623,23.14,34.65,999.02,109448.48,-1,recovery
2000000,14684,935029,234189,600652,103994,58497,24273,378994,67701,454643,2000000,73982,10607,607726,136176,220400,159415,171449,138368,194109,219228,116911,32478,157910,27704,160969,34376,18547,1078064,647858,86325,103630,23.13,34.64,999.02,109518.71,-1,recovery
2000000,14708,939354,234468,600516,104031,58392,24244,378667,67698,454778,2000000,73935,10596,607903,136132,221846,159241,171431,138435,194045,219011,116889,32494,157629,27704,160822,34384,18552,1078340,647498,86310,103635,23.14,34.64,998.97,109518.71,-1,recovery
2000000,14723,938531,234597,600339,103974,58573,24305,378794,67714,454832,2000000,73944,10580,606842,136088,220465,159199,171698,138457,194104,219087,116771,32473,157353,27708,161102,34384,18531,1075276,647173,86281,103612,23.13,34.63,999.14,108820.4,-1,recovery
2000000,14690,936291,234506,600199,104009,58444,24267,378755,67723,454980,2000000,73956,10597,607135,136053,219889,159274,171702,138415,194060,219215,116752,32456,157117,27706,161002,34365,18525,1062403,646979,86330,103568,23.14,34.62,999.14,111159.35,-1,recovery
2000000,14683,937921,234359,600200,103978,58406,24278,379150,67688,455399,2000000,73953,10600,607577,136148,220855,159366,171876,138448,194019,219134,116769,32478,156792,27672,160992,34380,18527,1056513,646833,86284,103600,23.13,34.62,999.15,108820.4,-1,recovery
2000000,14696,937245,233919,600222,103917,58376,24269,378944,67731,455449,2000000,74000,10577,607365,136179,220745,159300,171576,138466,194157,219139,116846,32453,156581,27678,160962,34402,18547,1065647,646554,86313,103610,23.13,34.62,999.09,110726.64,-1,recovery
2000000,14687,937614,234835,600519,104042,58483,24293,378824,67693,454998,2000000,73997,10607,607465,136243,221434,159195,171520,138375,194036,219200,116773,32460,156288,27703,160890,34407,18538,1069404,646469,86283,103609,23.14,34.61,999.14,109518.71,-1,recovery
2000000,14712,942158,234615,599597,104048,58413,24300,378511,67734,454506,2000000,74002,10621,607228,136112,222752,159286,171418,138470,194222,219043,116808,32478,156085,27687,160765,34395,18552,1067605,646426,86357,103638,23.13,34.6,999.12,109659.45,-1,recovery
2000000,14703,938261,234688,599853,103988,58461,24287,379033,67700,455160,2000000,74010,10581,607575,136173,222911,159187,171339,138384,193957,219039,116837,32436,155933,27696,160967,34414,18549,1065323,646394,86300,103649,23.13,34.6,999.1,109589.03,-1,recovery
2000000,14680,939768,234923,600151,104071,58445,24273,378910,67706,456022,2000000,74020,10570,607323,136154,222610,159159,171710,138459,194134,219073,116834,32461,155859,27717,160892,34393,18554,1070267,646392,86314,103626,23.14,34.59,999.08,108820.4,-1,recovery
2000000,14705,939926,234513,600041,104052,58399,24269,378779,67724,456376,2000000,74043,10559,607901,136247,222648,159282,171467,138446,193873,219016,116833,32429,155717,27717,160693,34398,18540,1072531,646502,86337,103608,23.14,34.6,999.08,109800.55,-1,recovery
2000000,14675,937934,234077,600299,104051,58408,24255,379280,67749,455832,2000000,74085,10600,607144,136205,223133,159432,171766,138307,194019,219154,116875,32465,155475,27702,160706,34376,18538,1070357,646437,86354,103612,23.14,34.6,999.09,109098.65,-1,recovery
2000000,14714,936260,234708,600347,103974,58476,24269,379060,67703,456262,2000000,74036,10588,607533,136271,223453,159417,171636,138369,194040,219184,116827,32441,155334,27676,160625,34402,18511,1059315,646149,86289,103588,23.14,34.6,999.05,110870.5,-1,recovery
2000000,14696,937014,234326,600682,103974,58337,24264,379043,67660,455209,2000000,74004,10586,608539,136236,223546,159437,171578,138400,193976,219122,116783,32458,155118,27683,160782,34389,18518,1057896,645933,86289,103625,23.14,34.61,999.09,110654.85,-1,recovery
2000000,14708,937043,234571,600290,104016,58494,24257,379116,67713,456195,2000000,74118,10558,607572,136171,222202,159406,171818,138376,193929,219164,116784,32422,155112,27692,160838,34360,18549,1063484,646588,86295,103628,23.15,34.61,999.04,110942.57,-1,recovery
2000000,14719,941465,234169,600235,104021,58520,24292,379269,67681,455665,2000000,74226,10586,607912,136401,222095,159434,171866,138441,193918,219259,116784,32444,155001,27726,160722,34433,18574,1044151,646776,86306,103600,23.15,34.62,999.02,110511.54,-1,recovery
2000000,14664,940401,234338,600885,104022,58523,24264,379390,67675,455065,2000000,74131,10591,608169,136243,222663,159395,171603,138464,194020,219258,116849,32479,154878,27715,160568,34420,18565,1059342,646784,86328,103593,23.16,34.62,999.09,110226.04,-1,recovery
2000000,14712,940413,234266,601016,104096,58482,24296,379216,67711,455861,2000000,74099,10591,608655,136327,222417,159551,171593,138452,194072,219286,116844,32476,154714,27694,160719,34391,18540,1055971,646378,86314,103632,23.16,34.63,999.11,108681.8,-1,recovery
2000000,14678,940544,234088,600980,104040,58500,24267,379067,67756,454982,2000000,74066,10566,608907,136323,222402,159338,171565,138437,193976,219365,116807,32472,154460,27696,160841,34393,18566,1062209,645921,86326,103634,23.16,34.63,999.1,109871.24,-1,recovery
