precision_resistor,s1,s2,s3,s4,s5,s6,s7,s8,s9,s10,s11,s12,s13,s14,s15,s16,s17,s18,s19,s20,s21,s22,s23,s24,s25,s26,s27,s28,s29,s30,s31,s32,temperature,humidity,deviceid,timestamp_ms,mfc_1,mfc_2,mfc_3,mfc_4,mfc_5,trial_state
10000.0,1592.0,9646.0,38682.0,25684.0,101400.0,49062.0,5963.0,400564.0,6934.0,242174.0,234650.0,14888.0,34432.0,63833.0,3822.0,4188.0,99418.0,13134.0,187883.0,19181.0,17365.0,131916.0,309886.0,342680.0,50507.0,10880.0,25451.0,577191.0,32124.0,38102.0,136577.0,39642.0,25.74,36.81,100336_9598_704508,1676933393598,-1.0,-1.0,-1.0,-1.0,-1.0,baseline_11
10000.0,1589.0,9644.0,38682.0,25680.0,101397.0,49065.0,5965.0,400738.0,6933.0,241636.0,234636.0,14885.0,34433.0,63840.0,3822.0,4184.0,99409.0,13128.0,188086.0,19182.0,17369.0,131887.0,309749.0,342813.0,50565.0,10878.0,25500.0,576466.0,32120.0,38104.0,136502.0,39646.0,25.77,36.8,100336_9598_704508,1676933394572,-1.0,-1.0,-1.0,-1.0,-1.0,baseline_11
10000.0,1591.0,9645.0,38678.0,25674.0,101492.0,49084.0,5965.0,400845.0,6935.0,241455.0,234545.0,14876.0,34427.0,63863.0,3819.0,4185.0,99401.0,13128.0,188167.0,19184.0,17370.0,131881.0,309412.0,342449.0,50495.0,10879.0,25508.0,575542.0,32119.0,38092.0,136388.0,39608.0,25.75,36.79,100336_9598_704508,1676933395548,-1.0,-1.0,-1.0,-1.0,-1.0,baseline_11
10000.0,1589.0,9646.0,38661.0,25701.0,101362.0,49065.0,5966.0,400636.0,6934.0,241691.0,234515.0,14872.0,34431.0,63865.0,3822.0,4185.0,99408.0,13131.0,187909.0,19183.0,17370.0,131796.0,309363.0,341826.0,50512.0,10879.0,25557.0,575461.0,32115.0,38093.0,136557.0,39644.0,25.78,36.78,100336_9598_704508,1676933396523,-1.0,-1.0,-1.0,-1.0,-1.0,baseline_11
10000.0,1590.0,9644.0,38650.0,25667.0,101424.0,49061.0,5965.0,400807.0,6937.0,241972.0,234455.0,14876.0,34428.0,63854.0,3819.0,4187.0,99419.0,13128.0,188141.0,19182.0,17364.0,131879.0,309653.0,341286.0,50519.0,10883.0,25526.0,575859.0,32118.0,38097.0,136546.0,39635.0,25.77,36.77,100336_9598_704508,1676933397499,-1.0,-1.0,-1.0,-1.0,-1.0,baseline_11
10000.0,1592.0,9643.0,38653.0,25666.0,101401.0,49060.0,5965.0,400319.0,6936.0,241466.0,234414.0,14871.0,34432.0,63837.0,3821.0,4185.0,99406.0,13128.0,188204.0,19177.0,17365.0,131857.0,309940.0,340977.0,50517.0,10881.0,25472.0,575984.0,32117.0,38078.0,136569.0,39637.0,25.77,36.77,100336_9598_704508,1676933398474,-1.0,-1.0,-1.0,-1.0,-1.0,baseline_11
10000.0,1590.0,9645.0,38638.0,25678.0,101382.0,49048.0,5961.0,400865.0,6935.0,241858.0,234418.0,14860.0,34429.0,63836.0,3823.0,4186.0,99401.0,13131.0,188138.0,19181.0,17367.0,131721.0,309634.0,341977.0,50556.0,10881.0,25451.0,574995.0,32111.0,38073.0,136645.0,39614.0,25.77,36.75,100336_9598_704508,1676933399449,-1.0,-1.0,-1.0,-1.0,-1.0,baseline_11
10000.0,1594.0,9641.0,38636.0,25661.0,101474.0,49072.0,5962.0,400084.0,6931.0,241225.0,234323.0,14854.0,34434.0,63832.0,3825.0,4184.0,99392.0,13131.0,188077.0,19180.0,17373.0,131894.0,309627.0,341956.0,50563.0,10878.0,25476.0,574409.0,32104.0,38057.0,136534.0,39610.0,25.76,36.73,100336_9598_704508,1676933400424,-1.0,-1.0,-1.0,-1.0,-1.0,baseline_11
10000.0,1591.0,9641.0,38652.0,25646.0,101386.0,49052.0,5963.0,400180.0,6935.0,241635.0,234221.0,14852.0,34432.0,63850.0,3822.0,4184.0,99391.0,13132.0,188087.0,19178.0,17370.0,131703.0,309440.0,341469.0,50522.0,10881.0,25502.0,573891.0,32110.0,38043.0,136574.0,39609.0,25.76,36.71,100336_9598_704508,1676933401389,-1.0,-1.0,-1.0,-1.0,-1.0,baseline_11
10000.0,1590.0,9643.0,38658.0,25657.0,101382.0,49052.0,5966.0,400166.0,6937.0,241214.0,234340.0,14845.0,34428.0,63856.0,3820.0,4185.0,99383.0,13127.0,188198.0,19185.0,17368.0,131845.0,309922.0,341555.0,50536.0,10878.0,25497.0,574233.0,32103.0,38051.0,136535.0,39595.0,25.78,36.68,100336_9598_704508,1676933402364,-1.0,-1.0,-1.0,-1.0,-1.0,baseline_11
10000.0,1592.0,9642.0,38649.0,25641.0,101352.0,49048.0,5967.0,399979.0,6935.0,241957.0,234165.0,14846.0,34432.0,63840.0,3822.0,4186.0,99400.0,13130.0,188051.0,19186.0,17362.0,131696.0,309583.0,341137.0,50535.0,10878.0,25506.0,573511.0,32102.0,38038.0,136538.0,39621.0,25.78,36.65,100336_9598_704508,1676933403339,-1.0,-1.0,-1.0,-1.0,-1.0,baseline_11
10000.0,1589.0,9643.0,38660.0,25655.0,101332.0,49057.0,5962.0,400433.0,6933.0,241790.0,234210.0,14844.0,34429.0,63839.0,3823.0,4188.0,99403.0,13129.0,188073.0,19181.0,17364.0,131718.0,309883.0,341518.0,50517.0,10877.0,25521.0,573708.0,32104.0,38052.0,136580.0,39637.0,25.77,36.63,100336_9598_704508,1676933404314,-1.0,-1.0,-1.0,-1.0,-1.0,baseline_11
10000.0,1591.0,9644.0,38652.0,25638.0,101353.0,49059.0,5963.0,400492.0,6935.0,241865.0,234295.0,14841.0,34429.0,63831.0,3824.0,4187.0,99397.0,13129.0,187991.0,19183.0,17361.0,131797.0,309947.0,341666.0,50540.0,10883.0,25434.0,573419.0,32106.0,38048.0,136535.0,39610.0,25.78,36.63,100336_9598_704508,1676933405289,-1.0,-1.0,-1.0,-1.0,-1.0,baseline_11
10000.0,1592.0,9645.0,38642.0,25628.0,101332.0,49039.0,5967.0,400255.0,6935.0,241402.0,234283.0,14845.0,34420.0,63838.0,3821.0,4184.0,99391.0,13128.0,188417.0,19186.0,17362.0,131823.0,309825.0,341359.0,50515.0,10880.0,25480.0,573283.0,32106.0,38044.0,136580.0,39626.0,25.78,36.61,100336_9598_704508,1676933406265,-1.0,-1.0,-1.0,-1.0,-1.0,baseline_11
10000.0,1589.0,9641.0,38660.0,25630.0,101376.0,49030.0,5965.0,400522.0,6933.0,241832.0,234343.0,14844.0,34427.0,63838.0,3820.0,4185.0,99387.0,13134.0,188253.0,19186.0,17365.0,131755.0,310166.0,340866.0,50529.0,10883.0,25509.0,574016.0,32109.0,38043.0,136508.0,39651.0,25.8,36.6,100336_9598_704508,1676933407237,-1.0,-1.0,-1.0,-1.0,-1.0,baseline_11
10000.0,1591.0,9645.0,38645.0,25628.0,101377.0,49067.0,5962.0,400759.0,6932.0,242202.0,234320.0,14849.0,34426.0,63850.0,3822.0,4184.0,99401.0,13131.0,188115.0,19182.0,17365.0,131779.0,310000.0,340973.0,50519.0,10883.0,25468.0,573793.0,32104.0,38054.0,136572.0,39648.0,25.77,36.61,100336_9598_704508,1676933408204,-1.0,-1.0,-1.0,-1.0,-1.0,baseline_11
10000.0,1593.0,9644.0,38648.0,25630.0,101405.0,49053.0,5964.0,399602.0,6937.0,241919.0,234345.0,14843.0,34432.0,63830.0,3822.0,4184.0,99396.0,13131.0,188365.0,19180.0,17362.0,131837.0,309845.0,341251.0,50540.0,10881.0,25520.0,573227.0,32101.0,38042.0,136511.0,39650.0,25.77,36.62,100336_9598_704508,1676933409179,-1.0,-1.0,-1.0,-1.0,-1.0,baseline_11
10000.0,1590.0,9639.0,38640.0,25636.0,101372.0,49089.0,5965.0,399834.0,6936.0,241521.0,234184.0,14845.0,34427.0,63835.0,3822.0,4185.0,99395.0,13132.0,188299.0,19182.0,17365.0,131879.0,309648.0,341847.0,50528.0,10881.0,25577.0,573290.0,32107.0,38029.0,136573.0,39631.0,25.79,36.61,100336_9598_704508,1676933410154,-1.0,-1.0,-1.0,-1.0,-1.0,baseline_11
10000.0,1589.0,9643.0,38670.0,25632.0,101371.0,49059.0,5960.0,400095.0,6935.0,241461.0,234171.0,14842.0,34434.0,63834.0,3821.0,4184.0,99393.0,13132.0,187930.0,19183.0,17373.0,131822.0,309968.0,340709.0,50518.0,10880.0,25496.0,573183.0,32108.0,38042.0,136528.0,39611.0,25.78,36.62,100336_9598_704508,1676933411130,-1.0,-1.0,-1.0,-1.0,-1.0,baseline_11
10000.0,1591.0,9641.0,38660.0,25620.0,101333.0,49049.0,5965.0,400905.0,6936.0,241705.0,234081.0,14845.0,34429.0,63837.0,3821.0,4187.0,99385.0,13134.0,188133.0,19181.0,17368.0,131751.0,309912.0,340738.0,50530.0,10880.0,25476.0,573003.0,32098.0,38040.0,136591.0,39621.0,25.78,36.6,100336_9598_704508,1676933412099,-1.0,-1.0,-1.0,-1.0,-1.0,baseline_11
10000.0,1592.0,9640.0,38681.0,25620.0,101428.0,49088.0,5964.0,399730.0,6934.0,241646.0,234077.0,14840.0,34432.0,63845.0,3822.0,4184.0,99389.0,13129.0,188188.0,19181.0,17368.0,131827.0,309830.0,340201.0,50526.0,10882.0,25470.0,572242.0,32099.0,38028.0,136541.0,39641.0,25.77,36.59,100336_9598_704508,1676933413075,-1.0,-1.0,-1.0,-1.0,-1.0,baseline_11
10000.0,1589.0,9642.0,38662.0,25617.0,101463.0,49024.0,5964.0,400491.0,6933.0,241813.0,234114.0,14833.0,34432.0,63834.0,3823.0,4186.0,99383.0,13132.0,188129.0,19183.0,17368.0,131798.0,309547.0,340874.0,50537.0,10880.0,25464.0,572228.0,32100.0,38029.0,136515.0,39629.0,25.78,36.61,100336_9598_704508,1676933414050,-1.0,-1.0,-1.0,-1.0,-1.0,baseline_11
10000.0,1590.0,9643.0,38666.0,25614.0,101425.0,49086.0,5961.0,400104.0,6933.0,241576.0,233995.0,14833.0,34428.0,63824.0,3822.0,4186.0,99379.0,13132.0,188227.0,19182.0,17372.0,131882.0,309675.0,340748.0,50549.0,10881.0,25483.0,572213.0,32094.0,38034.0,136434.0,39612.0,25.77,36.59,100336_9598_704508,1676933415020,-1.0,-1.0,-1.0,-1.0,-1.0,baseline_11
10000.0,1590.0,9642.0,38685.0,25602.0,101356.0,49041.0,5963.0,400579.0,6936.0,242194.0,233926.0,14832.0,34429.0,63827.0,3823.0,4187.0,99376.0,13135.0,187961.0,19178.0,17367.0,131789.0,309613.0,340983.0,50533.0,10879.0,25501.0,572326.0,32090.0,38016.0,136474.0,39600.0,25.78,36.57,100336_9598_704508,1676933415995,-1.0,-1.0,-1.0,-1.0,-1.0,baseline_11
10000.0,1590.0,9642.0,38669.0,25611.0,101334.0,49030.0,5963.0,400546.0,6932.0,242008.0,234030.0,14835.0,34425.0,63827.0,3823.0,4182.0,99386.0,13131.0,188129.0,19182.0,17363.0,131904.0,309715.0,341398.0,50533.0,10883.0,25449.0,572381.0,32096.0,38007.0,136432.0,39615.0,25.78,36.57,100336_9598_704508,1676933416970,-1.0,-1.0,-1.0,-1.0,-1.0,baseline_11
10000.0,1592.0,9641.0,38646.0,25595.0,101401.0,49045.0,5963.0,400806.0,6932.0,242117.0,234008.0,14827.0,34429.0,63840.0,3823.0,4186.0,99367.0,13133.0,188361.0,19181.0,17365.0,131692.0,309547.0,341025.0,50548.0,10879.0,25509.0,571916.0,32093.0,38004.0,136425.0,39603.0,25.79,36.56,100336_9598_704508,1676933417945,-1.0,-1.0,-1.0,-1.0,-1.0,baseline_11
10000.0,1590.0,9638.0,38652.0,25624.0,101367.0,49059.0,5963.0,400389.0,6935.0,242023.0,233981.0,14828.0,34417.0,63843.0,3823.0,4183.0,99378.0,13132.0,188114.0,19182.0,17368.0,131888.0,309391.0,340889.0,50537.0,10880.0,25511.0,571488.0,32091.0,38031.0,136486.0,39602.0,25.77,36.55,100336_9598_704508,1676933418920,-1.0,-1.0,-1.0,-1.0,-1.0,baseline_11
10000.0,1588.0,9644.0,38669.0,25612.0,101324.0,49064.0,5962.0,400554.0,6937.0,241745.0,233822.0,14831.0,34420.0,63849.0,3821.0,4186.0,99381.0,13126.0,187940.0,19181.0,17363.0,131810.0,309624.0,340912.0,50546.0,10882.0,25466.0,571701.0,32091.0,38014.0,136475.0,39602.0,25.78,36.54,100336_9598_704508,1676933419895,-1.0,-1.0,-1.0,-1.0,-1.0,baseline_11
10000.0,1591.0,9642.0,38642.0,25616.0,101375.0,49032.0,5963.0,400384.0,6935.0,241575.0,233885.0,14825.0,34428.0,63840.0,3822.0,4183.0,99369.0,13135.0,188057.0,19182.0,17366.0,131755.0,309782.0,341858.0,50555.0,10879.0,25481.0,571010.0,32091.0,38003.0,136478.0,39607.0,25.78,36.56,100336_9598_704508,1676933420870,-1.0,-1.0,-1.0,-1.0,-1.0,baseline_11
10000.0,1594.0,9640.0,38625.0,25609.0,101363.0,49048.0,5963.0,400353.0,6937.0,241785.0,233820.0,14827.0,34425.0,63834.0,3821.0,4184.0,99380.0,13132.0,188331.0,19182.0,17361.0,131680.0,309952.0,341100.0,50539.0,10878.0,25484.0,571023.0,32086.0,38025.0,136411.0,39610.0,25.77,36.53,100336_9598_704508,1676933421845,-1.0,-1.0,-1.0,-1.0,-1.0,baseline_11
10000.0,1591.0,9638.0,38641.0,25609.0,101375.0,49042.0,5960.0,400046.0,6934.0,241529.0,233805.0,14824.0,34432.0,63828.0,3821.0,4184.0,99378.0,13131.0,187877.0,19180.0,17361.0,131814.0,309884.0,340788.0,50499.0,10880.0,25550.0,570860.0,32089.0,38006.0,136373.0,39621.0,25.78,36.53,100336_9598_704508,1676933422820,-1.0,-1.0,-1.0,-1.0,-1.0,baseline_11
10000.0,1592.0,9640.0,38641.0,25601.0,101314.0,49055.0,5961.0,400631.0,6933.0,241723.0,233771.0,14818.0,34426.0,63845.0,3824.0,4184.0,99376.0,13132.0,187745.0,19179.0,17354.0,131855.0,309595.0,340753.0,50498.0,10876.0,25502.0,569965.0,32087.0,38005.0,136485.0,39613.0,25.78,36.52,100336_9598_704508,1676933423796,-1.0,-1.0,-1.0,-1.0,-1.0,baseline_11
10000.0,1592.0,9639.0,38638.0,25601.0,101383.0,49069.0,5961.0,400456.0,6936.0,241966.0,233706.0,14818.0,34423.0,63840.0,3822.0,4183.0,99368.0,13126.0,188081.0,19176.0,17358.0,131711.0,309824.0,340803.0,50515.0,10880.0,25539.0,570010.0,32081.0,37998.0,136527.0,39609.0,25.79,36.52,100336_9598_704508,1676933424771,-1.0,-1.0,-1.0,-1.0,-1.0,baseline_11
10000.0,1592.0,9639.0,38646.0,25583.0,101306.0,49057.0,5961.0,400437.0,6934.0,241472.0,233944.0,14820.0,34427.0,63834.0,3819.0,4184.0,99378.0,13131.0,188301.0,19182.0,17357.0,131670.0,309747.0,340936.0,50492.0,10879.0,25538.0,570346.0,32085.0,37992.0,136549.0,39588.0,25.78,36.52,100336_9598_704508,1676933425741,-1.0,-1.0,-1.0,-1.0,-1.0,baseline_11
10000.0,1590.0,9638.0,38640.0,25574.0,101268.0,49075.0,5966.0,399606.0,6934.0,241787.0,233896.0,14812.0,34427.0,63827.0,3822.0,4184.0,99379.0,13131.0,188363.0,19179.0,17356.0,131719.0,310005.0,340194.0,50533.0,10881.0,25501.0,570377.0,32085.0,37982.0,136624.0,39582.0,25.78,36.51,100336_9598_704508,1676933426716,-1.0,-1.0,-1.0,-1.0,-1.0,baseline_11
10000.0,1593.0,9640.0,38647.0,25588.0,101356.0,49087.0,5964.0,400215.0,6932.0,241805.0,233731.0,14811.0,34432.0,63842.0,3822.0,4187.0,99374.0,13130.0,188379.0,19179.0,17360.0,131746.0,310048.0,341066.0,50534.0,10880.0,25488.0,569900.0,32082.0,37989.0,136603.0,39644.0,25.78,36.49,100336_9598_704508,1676933428661,-1.0,-1.0,-1.0,-1.0,-1.0,baseline_11
10000.0,1589.0,9639.0,38629.0,25584.0,101334.0,49065.0,5963.0,399779.0,6932.0,241506.0,233759.0,14812.0,34427.0,63837.0,3822.0,4187.0,99363.0,13134.0,188193.0,19181.0,17351.0,131782.0,310161.0,340916.0,50469.0,10878.0,25478.0,569644.0,32075.0,37983.0,136555.0,39614.0,25.78,36.48,100336_9598_704508,1676933429636,-1.0,-1.0,-1.0,-1.0,-1.0,baseline_11
10000.0,1590.0,9639.0,38640.0,25576.0,101329.0,49070.0,5963.0,400034.0,6934.0,241802.0,233832.0,14806.0,34424.0,63820.0,3823.0,4184.0,99381.0,13131.0,188090.0,19180.0,17356.0,131643.0,310268.0,340418.0,50487.0,10878.0,25453.0,569664.0,32078.0,37990.0,136528.0,39631.0,25.79,36.46,100336_9598_704508,1676933430611,-1.0,-1.0,-1.0,-1.0,-1.0,baseline_11
10000.0,1591.0,9639.0,38632.0,25579.0,101329.0,49084.0,5961.0,400164.0,6933.0,241605.0,233746.0,14806.0,34422.0,63824.0,3824.0,4183.0,99371.0,13131.0,188181.0,19181.0,17357.0,131670.0,310226.0,341105.0,50483.0,10880.0,25508.0,569572.0,32077.0,37974.0,136555.0,39626.0,25.77,36.46,100336_9598_704508,1676933431586,-1.0,-1.0,-1.0,-1.0,-1.0,baseline_11
10000.0,1592.0,9640.0,38648.0,25567.0,101292.0,49087.0,5963.0,399893.0,6934.0,241611.0,233665.0,14806.0,34430.0,63832.0,3821.0,4183.0,99368.0,13131.0,188278.0,19178.0,17361.0,131666.0,310106.0,340603.0,50490.0,10879.0,25537.0,569338.0,32074.0,37982.0,136498.0,39642.0,25.78,36.45,100336_9598_704508,1676933432561,-1.0,-1.0,-1.0,-1.0,-1.0,baseline_11
10000.0,1593.0,9638.0,38643.0,25546.0,101389.0,49073.0,5963.0,400323.0,6932.0,241210.0,233951.0,14826.0,34427.0,63832.0,3821.0,4186.0,99380.0,13133.0,188052.0,19177.0,17364.0,131675.0,309946.0,341336.0,50472.0,10883.0,25503.0,572229.0,32093.0,38024.0,136493.0,39645.0,25.8,36.48,100336_9598_704508,1676933433535,-1.0,-1.0,-1.0,-1.0,-1.0,baseline_11
10000.0,1595.0,9644.0,38627.0,25555.0,101423.0,49058.0,5963.0,400112.0,6933.0,241970.0,234262.0,14845.0,34425.0,63840.0,3821.0,4183.0,99379.0,13129.0,187948.0,19177.0,17358.0,131650.0,310219.0,341657.0,50505.0,10884.0,25502.0,573342.0,32099.0,38036.0,136589.0,39671.0,25.82,36.5,100336_9598_704508,1676933434510,-1.0,-1.0,-1.0,-1.0,-1.0,baseline_11
10000.0,1591.0,9644.0,38664.0,25552.0,101410.0,49092.0,5962.0,400742.0,6937.0,241720.0,234231.0,14850.0,34428.0,63831.0,3821.0,4184.0,99376.0,13134.0,188119.0,19181.0,17369.0,131678.0,309980.0,341317.0,50558.0,10883.0,25570.0,572372.0,32108.0,38053.0,136647.0,39662.0,25.79,36.58,100336_9598_704508,1676933435481,-1.0,-1.0,-1.0,-1.0,-1.0,baseline_11
10000.0,1590.0,9642.0,38637.0,25561.0,101354.0,49121.0,5964.0,400203.0,6934.0,241208.0,234237.0,14851.0,34425.0,63850.0,3822.0,4184.0,99380.0,13130.0,188504.0,19176.0,17365.0,131784.0,310110.0,341384.0,50533.0,10881.0,25483.0,573523.0,32102.0,38052.0,136537.0,39663.0,25.79,36.61,100336_9598_704508,1676933436456,-1.0,-1.0,-1.0,-1.0,-1.0,baseline_11
10000.0,1593.0,9640.0,38640.0,25563.0,101416.0,49093.0,5965.0,400398.0,6934.0,241450.0,234254.0,14850.0,34426.0,63835.0,3822.0,4184.0,99376.0,13129.0,188211.0,19176.0,17368.0,131852.0,310085.0,341289.0,50476.0,10880.0,25523.0,572269.0,32101.0,38044.0,136539.0,39663.0,25.8,36.63,100336_9598_704508,1676933437430,-1.0,-1.0,-1.0,-1.0,-1.0,baseline_11
10000.0,1589.0,9642.0,38666.0,25571.0,101363.0,49070.0,5963.0,400862.0,6934.0,241737.0,234093.0,14837.0,34434.0,63830.0,3822.0,4184.0,99378.0,13128.0,188127.0,19179.0,17357.0,131750.0,309801.0,341231.0,50520.0,10880.0,25574.0,571874.0,32088.0,38015.0,136537.0,39658.0,25.79,36.65,100336_9598_704508,1676933438406,-1.0,-1.0,-1.0,-1.0,-1.0,baseline_11
10000.0,1592.0,9641.0,38651.0,25555.0,101372.0,49086.0,5966.0,400804.0,6933.0,241461.0,234105.0,14832.0,34433.0,63847.0,3823.0,4184.0,99365.0,13125.0,188053.0,19180.0,17368.0,131695.0,310162.0,340713.0,50481.0,10883.0,25565.0,572343.0,32098.0,38033.0,136487.0,39659.0,25.78,36.64,100336_9598_704508,1676933439381,-1.0,-1.0,-1.0,-1.0,-1.0,baseline_11
10000.0,1592.0,9640.0,38645.0,25551.0,101413.0,49109.0,5965.0,401117.0,6933.0,241346.0,234151.0,14844.0,34438.0,63837.0,3823.0,4187.0,99378.0,13130.0,188085.0,19180.0,17368.0,131781.0,310178.0,340718.0,50471.0,10882.0,25642.0,572968.0,32109.0,38043.0,136399.0,39668.0,25.82,36.64,100336_9598_704508,1676933440346,-1.0,-1.0,-1.0,-1.0,-1.0,baseline_11
10000.0,1590.0,9641.0,38646.0,25550.0,101369.0,49093.0,5966.0,400562.0,6933.0,241731.0,234431.0,14863.0,34430.0,63842.0,3824.0,4187.0,99385.0,13131.0,187975.0,19178.0,17364.0,131654.0,310151.0,341283.0,50466.0,10881.0,25578.0,572502.0,32110.0,38049.0,136479.0,39678.0,25.8,36.67,100336_9598_704508,1676933441320,-1.0,-1.0,-1.0,-1.0,-1.0,baseline_11
10000.0,1591.0,9642.0,38685.0,25542.0,101378.0,49102.0,5962.0,400770.0,6936.0,241387.0,234261.0,14848.0,34427.0,63845.0,3822.0,4185.0,99379.0,13131.0,188268.0,19179.0,17362.0,131782.0,310420.0,341161.0,50524.0,10877.0,25502.0,571469.0,32107.0,38049.0,136473.0,39615.0,25.78,36.68,100336_9598_704508,1676933442296,-1.0,-1.0,-1.0,-1.0,-1.0,baseline_11
10000.0,1591.0,9640.0,38648.0,25550.0,101399.0,49085.0,5963.0,400934.0,6935.0,241489.0,234125.0,14841.0,34423.0,63830.0,3823.0,4184.0,99367.0,13130.0,188166.0,19180.0,17363.0,131662.0,310370.0,341119.0,50531.0,10879.0,25526.0,571595.0,32103.0,38043.0,136500.0,39649.0,25.78,36.68,100336_9598_704508,1676933443271,-1.0,-1.0,-1.0,-1.0,-1.0,exposure_11
10000.0,1590.0,9638.0,38643.0,25544.0,101337.0,49096.0,5964.0,400672.0,6932.0,241570.0,234104.0,14838.0,34421.0,63838.0,3823.0,4182.0,99376.0,13132.0,188278.0,19178.0,17355.0,131752.0,309758.0,340843.0,50515.0,10880.0,25508.0,572943.0,32108.0,38055.0,136532.0,39634.0,25.81,36.69,100336_9598_704508,1676933444246,-1.0,-1.0,-1.0,-1.0,-1.0,exposure_11
10000.0,1589.0,9641.0,38645.0,25560.0,101442.0,49089.0,5963.0,401011.0,6932.0,241702.0,234766.0,14894.0,34425.0,63856.0,3823.0,4185.0,99422.0,13138.0,188251.0,19179.0,17385.0,131841.0,310249.0,341675.0,50607.0,10887.0,25635.0,594448.0,32215.0,38443.0,136485.0,39690.0,25.81,36.74,100336_9598_704508,1676933445221,-1.0,-1.0,-1.0,-1.0,-1.0,exposure_11
10000.0,1592.0,9649.0,38666.0,25609.0,101579.0,49144.0,5969.0,402099.0,6937.0,242701.0,239523.0,15387.0,34449.0,64025.0,3835.0,4193.0,99569.0,13164.0,188445.0,19172.0,17454.0,132037.0,310558.0,346789.0,50819.0,10896.0,25697.0,650680.0,32438.0,39193.0,136558.0,39825.0,25.82,37.28,100336_9598_704508,1676933446196,-1.0,-1.0,-1.0,-1.0,-1.0,exposure_11
10000.0,1595.0,9664.0,38664.0,25740.0,101795.0,49197.0,5974.0,403815.0,6938.0,243506.0,244245.0,16137.0,34459.0,64158.0,3848.0,4198.0,99684.0,13182.0,188094.0,19169.0,17491.0,132120.0,311086.0,352162.0,50899.0,10904.0,25870.0,720515.0,32620.0,39868.0,136644.0,39846.0,25.8,38.33,100336_9598_704508,1676933447170,-1.0,-1.0,-1.0,-1.0,-1.0,exposure_11
10000.0,1594.0,9675.0,38689.0,25896.0,101985.0,49195.0,5975.0,405322.0,6940.0,243460.0,247915.0,16867.0,34463.0,64246.0,3853.0,4205.0,99782.0,13194.0,188073.0,19171.0,17519.0,132150.0,311196.0,356080.0,50992.0,10905.0,25913.0,801824.0,32766.0,40504.0,136546.0,39914.0,25.8,39.6,100336_9598_704508,1676933448144,-1.0,-1.0,-1.0,-1.0,-1.0,exposure_11
10000.0,1593.0,9685.0,38697.0,26050.0,102157.0,49248.0,5982.0,406257.0,6942.0,244640.0,251048.0,17482.0,34468.0,64335.0,3851.0,4210.0,99864.0,13199.0,188385.0,19168.0,17542.0,132357.0,311199.0,361654.0,51120.0,10908.0,25967.0,888380.0,32888.0,41093.0,136571.0,39940.0,25.84,40.9,100336_9598_704508,1676933449120,-1.0,-1.0,-1.0,-1.0,-1.0,exposure_11
10000.0,1594.0,9691.0,38704.0,26254.0,102254.0,49258.0,5981.0,407559.0,6944.0,245151.0,253784.0,17946.0,34474.0,64377.0,3857.0,4210.0,99930.0,13210.0,188125.0,19166.0,17562.0,132456.0,311308.0,365561.0,51212.0,10911.0,26099.0,962638.0,33002.0,41643.0,136658.0,39942.0,25.8,42.13,100336_9598_704508,1676933450090,-1.0,-1.0,-1.0,-1.0,-1.0,exposure_11
10000.0,1594.0,9696.0,38689.0,26460.0,102383.0,49278.0,5983.0,408737.0,6940.0,245175.0,256311.0,18322.0,34482.0,64438.0,3855.0,4212.0,99982.0,13211.0,188615.0,19168.0,17585.0,132450.0,311817.0,368507.0,51297.0,10912.0,26129.0,1000000.0,33096.0,42135.0,136660.0,39968.0,25.81,43.25,100336_9598_704508,1676933451066,-1.0,-1.0,-1.0,-1.0,-1.0,exposure_11
10000.0,1594.0,9701.0,38721.0,26720.0,102583.0,49314.0,5984.0,409540.0,6945.0,245378.0,258307.0,18575.0,34491.0,64455.0,3852.0,4216.0,100013.0,13225.0,188406.0,19168.0,17597.0,132484.0,311461.0,372767.0,51340.0,10913.0,26150.0,1000000.0,33181.0,42561.0,136725.0,39998.0,25.82,44.26,100336_9598_704508,1676933452041,-1.0,-1.0,-1.0,-1.0,-1.0,exposure_11
10000.0,1595.0,9712.0,38705.0,26853.0,102617.0,49309.0,5988.0,409888.0,6943.0,246252.0,260231.0,18782.0,34494.0,64511.0,3852.0,4216.0,100050.0,13226.0,188426.0,19166.0,17607.0,132392.0,311711.0,376697.0,51374.0,10913.0,26262.0,1000000.0,33234.0,42957.0,136806.0,39976.0,25.83,45.12,100336_9598_704508,1676933453016,-1.0,-1.0,-1.0,-1.0,-1.0,exposure_11
10000.0,1592.0,9713.0,38694.0,27122.0,102613.0,49305.0,5990.0,409940.0,6943.0,246311.0,261729.0,18917.0,34497.0,64530.0,3854.0,4221.0,100087.0,13229.0,188269.0,19162.0,17623.0,132387.0,311816.0,377473.0,51436.0,10914.0,26278.0,1000000.0,33304.0,43324.0,136786.0,40012.0,25.87,45.87,100336_9598_704508,1676933453991,-1.0,-1.0,-1.0,-1.0,-1.0,exposure_11
10000.0,1593.0,9718.0,38710.0,27225.0,102732.0,49268.0,5990.0,411400.0,6946.0,247202.0,262942.0,19006.0,34493.0,64537.0,3851.0,4223.0,100114.0,13231.0,188127.0,19158.0,17637.0,132401.0,311942.0,381256.0,51544.0,10916.0,26309.0,1000000.0,33346.0,43640.0,136814.0,39991.0,25.87,46.53,100336_9598_704508,1676933454967,-1.0,-1.0,-1.0,-1.0,-1.0,exposure_11
10000.0,1593.0,9721.0,38709.0,27282.0,102751.0,49276.0,5993.0,411449.0,6947.0,247115.0,264379.0,19107.0,34493.0,64574.0,3854.0,4225.0,100168.0,13236.0,188377.0,19165.0,17641.0,132527.0,312111.0,383486.0,51534.0,10916.0,26284.0,1000000.0,33397.0,43905.0,136780.0,40004.0,25.84,47.1,100336_9598_704508,1676933455931,-1.0,-1.0,-1.0,-1.0,-1.0,exposure_11
10000.0,1595.0,9725.0,38728.0,27565.0,102885.0,49296.0,5992.0,411824.0,6944.0,246676.0,265249.0,19150.0,34487.0,64585.0,3848.0,4226.0,100188.0,13234.0,188313.0,19163.0,17652.0,132482.0,311603.0,386346.0,51627.0,10921.0,26307.0,1000000.0,33415.0,44175.0,136761.0,40020.0,25.85,47.62,100336_9598_704508,1676933456902,-1.0,-1.0,-1.0,-1.0,-1.0,exposure_11
10000.0,1593.0,9731.0,38713.0,27720.0,102955.0,49298.0,5995.0,411508.0,6946.0,247314.0,266242.0,19204.0,34488.0,64591.0,3849.0,4230.0,100224.0,13238.0,188557.0,19163.0,17662.0,132518.0,312328.0,387437.0,51667.0,10920.0,26329.0,1000000.0,33457.0,44388.0,136828.0,40067.0,25.81,48.05,100336_9598_704508,1676933457877,-1.0,-1.0,-1.0,-1.0,-1.0,exposure_11
10000.0,1595.0,9737.0,38737.0,27860.0,103045.0,49298.0,5995.0,411959.0,6943.0,247621.0,266857.0,19214.0,34500.0,64612.0,3852.0,4230.0,100249.0,13243.0,188352.0,19164.0,17669.0,132498.0,312396.0,389125.0,51728.0,10922.0,26381.0,1000000.0,33483.0,44566.0,136795.0,40071.0,25.87,48.43,100336_9598_704508,1676933458842,-1.0,-1.0,-1.0,-1.0,-1.0,exposure_11
10000.0,1594.0,9735.0,38734.0,28205.0,103055.0,49311.0,5995.0,411918.0,6946.0,247698.0,267513.0,19264.0,34500.0,64627.0,3849.0,4231.0,100262.0,13246.0,188335.0,19163.0,17669.0,132448.0,312156.0,390838.0,51736.0,10922.0,26389.0,1000000.0,33514.0,44756.0,136725.0,40072.0,25.87,48.76,100336_9598_704508,1676933459807,-1.0,-1.0,-1.0,-1.0,-1.0,exposure_11
10000.0,1593.0,9744.0,38743.0,28429.0,103118.0,49296.0,5995.0,413249.0,6947.0,247973.0,268678.0,19265.0,34496.0,64617.0,3847.0,4234.0,100280.0,13247.0,188470.0,19165.0,17685.0,132452.0,312081.0,393002.0,51808.0,10922.0,26354.0,1000000.0,33559.0,45029.0,136734.0,40070.0,25.91,49.3,100336_9598_704508,1676933461756,-1.0,-1.0,-1.0,-1.0,-1.0,exposure_11
10000.0,1594.0,9749.0,38755.0,28568.0,103195.0,49292.0,5995.0,413740.0,6946.0,248112.0,268782.0,19266.0,34497.0,64613.0,3848.0,4237.0,100289.0,13249.0,188340.0,19167.0,17688.0,132542.0,312266.0,392170.0,51862.0,10925.0,26378.0,1000000.0,33583.0,45134.0,136811.0,40081.0,25.89,49.49,100336_9598_704508,1676933462732,-1.0,-1.0,-1.0,-1.0,-1.0,exposure_11
10000.0,1594.0,9746.0,38764.0,28627.0,103335.0,49337.0,5993.0,413506.0,6945.0,248637.0,268871.0,19245.0,34510.0,64657.0,3847.0,4235.0,100316.0,13249.0,188605.0,19167.0,17694.0,132483.0,312111.0,393737.0,51876.0,10923.0,26410.0,1000000.0,33597.0,45201.0,136827.0,40079.0,25.89,49.66,100336_9598_704508,1676933463707,-1.0,-1.0,-1.0,-1.0,-1.0,exposure_11
10000.0,1594.0,9751.0,38768.0,28649.0,103360.0,49329.0,5997.0,413903.0,6945.0,248457.0,269169.0,19235.0,34507.0,64653.0,3847.0,4237.0,100332.0,13247.0,188225.0,19167.0,17700.0,132541.0,312251.0,395087.0,51883.0,10923.0,26458.0,1000000.0,33599.0,45275.0,136806.0,40097.0,25.9,49.8,100336_9598_704508,1676933464670,-1.0,-1.0,-1.0,-1.0,-1.0,exposure_11
10000.0,1594.0,9752.0,38771.0,28824.0,103379.0,49339.0,5995.0,414344.0,6946.0,248529.0,269100.0,19219.0,34510.0,64648.0,3849.0,4235.0,100332.0,13255.0,188271.0,19165.0,17706.0,132491.0,311902.0,395271.0,51904.0,10923.0,26497.0,1000000.0,33621.0,45328.0,136755.0,40068.0,25.85,49.9,100336_9598_704508,1676933465646,-1.0,-1.0,-1.0,-1.0,-1.0,exposure_11
10000.0,1594.0,9758.0,38769.0,28921.0,103415.0,49312.0,5997.0,414201.0,6946.0,248355.0,269297.0,19199.0,34506.0,64657.0,3844.0,4241.0,100348.0,13250.0,188018.0,19164.0,17707.0,132609.0,312075.0,396345.0,51913.0,10921.0,26461.0,1000000.0,33612.0,45388.0,136759.0,40079.0,25.92,50.01,100336_9598_704508,1676933466622,-1.0,-1.0,-1.0,-1.0,-1.0,exposure_11
10000.0,1595.0,9759.0,38761.0,28999.0,103425.0,49330.0,5999.0,413488.0,6942.0,248095.0,269119.0,19173.0,34505.0,64643.0,3846.0,4240.0,100363.0,13256.0,187708.0,19164.0,17707.0,132672.0,312024.0,397032.0,51935.0,10924.0,26473.0,1000000.0,33619.0,45446.0,136838.0,40087.0,25.88,50.08,100336_9598_704508,1676933467598,-1.0,-1.0,-1.0,-1.0,-1.0,exposure_11
10000.0,1595.0,9761.0,38758.0,29110.0,103429.0,49348.0,6000.0,413671.0,6947.0,248179.0,269152.0,19160.0,34506.0,64659.0,3846.0,4241.0,100369.0,13251.0,188119.0,19167.0,17710.0,132589.0,312128.0,396179.0,51923.0,10923.0,26528.0,1000000.0,33628.0,45477.0,136776.0,40022.0,25.87,50.14,100336_9598_704508,1676933468568,-1.0,-1.0,-1.0,-1.0,-1.0,exposure_11
10000.0,1596.0,9760.0,38780.0,28908.0,103494.0,49370.0,5998.0,413933.0,6947.0,248173.0,269300.0,19140.0,34509.0,64653.0,3842.0,4241.0,100367.0,13258.0,188476.0,19163.0,17712.0,132583.0,311946.0,398047.0,51935.0,10921.0,26508.0,1000000.0,33634.0,45507.0,136632.0,40041.0,25.87,50.18,100336_9598_704508,1676933469533,-1.0,-1.0,-1.0,-1.0,-1.0,exposure_11
10000.0,1594.0,9763.0,38778.0,29049.0,103572.0,49351.0,6000.0,415080.0,6944.0,248422.0,269017.0,19119.0,34489.0,64642.0,3846.0,4244.0,100368.0,13253.0,188566.0,19164.0,17715.0,132585.0,312297.0,397031.0,51971.0,10922.0,26481.0,1000000.0,33641.0,45532.0,136774.0,40072.0,25.89,50.21,100336_9598_704508,1676933470508,-1.0,-1.0,-1.0,-1.0,-1.0,exposure_11
10000.0,1595.0,9764.0,38791.0,28917.0,103581.0,49353.0,6000.0,414946.0,6946.0,248815.0,268880.0,19105.0,34495.0,64655.0,3843.0,4245.0,100375.0,13254.0,188367.0,19161.0,17720.0,132623.0,312616.0,398238.0,51982.0,10923.0,26500.0,1000000.0,33647.0,45522.0,136761.0,40056.0,25.91,50.25,100336_9598_704508,1676933471483,-1.0,-1.0,-1.0,-1.0,-1.0,exposure_11
10000.0,1591.0,9768.0,38790.0,28835.0,103614.0,49321.0,5997.0,414290.0,6945.0,248746.0,268728.0,19080.0,34512.0,64633.0,3844.0,4246.0,100380.0,13251.0,188197.0,19168.0,17715.0,132562.0,312393.0,397713.0,52017.0,10921.0,26437.0,1000000.0,33643.0,45498.0,136816.0,40065.0,25.87,50.23,100336_9598_704508,1676933472448,-1.0,-1.0,-1.0,-1.0,-1.0,exposure_11
10000.0,1594.0,9767.0,38792.0,28862.0,103556.0,49319.0,5998.0,414776.0,6946.0,248376.0,268400.0,19050.0,34498.0,64669.0,3843.0,4243.0,100385.0,13249.0,188155.0,19164.0,17720.0,132711.0,312611.0,398045.0,52025.0,10922.0,26422.0,1000000.0,33648.0,45510.0,136734.0,40058.0,25.87,50.24,100336_9598_704508,1676933473419,-1.0,-1.0,-1.0,-1.0,-1.0,exposure_11
10000.0,1596.0,9770.0,38781.0,28928.0,103616.0,49348.0,5999.0,415403.0,6949.0,249184.0,268632.0,19033.0,34507.0,64636.0,3845.0,4243.0,100368.0,13249.0,188155.0,19168.0,17717.0,132671.0,312481.0,397678.0,52021.0,10921.0,26462.0,1000000.0,33642.0,45503.0,136818.0,40047.0,25.89,50.23,100336_9598_704508,1676933474389,-1.0,-1.0,-1.0,-1.0,-1.0,exposure_11
10000.0,1591.0,9770.0,38796.0,29002.0,103599.0,49291.0,6001.0,416104.0,6944.0,248837.0,268532.0,19011.0,34495.0,64648.0,3842.0,4246.0,100387.0,13255.0,188475.0,19165.0,17719.0,132547.0,312359.0,398309.0,51980.0,10925.0,26478.0,1000000.0,33646.0,45484.0,136819.0,40105.0,25.93,50.23,100336_9598_704508,1676933475364,-1.0,-1.0,-1.0,-1.0,-1.0,exposure_11
10000.0,1596.0,9772.0,38797.0,29141.0,103660.0,49292.0,5995.0,415038.0,6947.0,248724.0,268344.0,18984.0,34503.0,64640.0,3842.0,4248.0,100367.0,13254.0,188347.0,19167.0,17723.0,132616.0,312310.0,397835.0,52040.0,10924.0,26507.0,1000000.0,33655.0,45467.0,136778.0,40076.0,25.9,50.2,100336_9598_704508,1676933476332,-1.0,-1.0,-1.0,-1.0,-1.0,exposure_11
10000.0,1595.0,9779.0,38798.0,29111.0,103700.0,49311.0,6002.0,415540.0,6945.0,248562.0,268277.0,18974.0,34509.0,64641.0,3842.0,4246.0,100381.0,13250.0,188357.0,19162.0,17724.0,132671.0,312190.0,398133.0,52049.0,10925.0,26493.0,1000000.0,33655.0,45457.0,136680.0,40073.0,25.94,50.18,100336_9598_704508,1676933477309,-1.0,-1.0,-1.0,-1.0,-1.0,exposure_11
10000.0,1594.0,9774.0,38789.0,29143.0,103673.0,49302.0,5998.0,414893.0,6946.0,248607.0,267918.0,18954.0,34505.0,64624.0,3843.0,4245.0,100388.0,13252.0,188433.0,19163.0,17730.0,132676.0,312210.0,397892.0,52071.0,10925.0,26458.0,1000000.0,33646.0,45450.0,136732.0,40073.0,25.88,50.16,100336_9598_704508,1676933478284,-1.0,-1.0,-1.0,-1.0,-1.0,exposure_11
10000.0,1598.0,9775.0,38798.0,29207.0,103664.0,49350.0,6001.0,415652.0,6945.0,248615.0,267754.0,18930.0,34510.0,64643.0,3843.0,4244.0,100368.0,13247.0,188459.0,19162.0,17727.0,132674.0,312542.0,396675.0,52047.0,10922.0,26483.0,1000000.0,33642.0,45373.0,136898.0,40091.0,25.92,50.14,100336_9598_704508,1676933479259,-1.0,-1.0,-1.0,-1.0,-1.0,exposure_11
10000.0,1596.0,9775.0,38802.0,29179.0,103660.0,49271.0,6000.0,415451.0,6944.0,248575.0,267366.0,18891.0,34496.0,64645.0,3844.0,4248.0,100374.0,13246.0,188153.0,19161.0,17726.0,132644.0,312404.0,396123.0,52051.0,10922.0,26439.0,1000000.0,33636.0,45330.0,136855.0,40109.0,25.91,50.08,100336_9598_704508,1676933480235,-1.0,-1.0,-1.0,-1.0,-1.0,exposure_11
10000.0,1595.0,9777.0,38795.0,29184.0,103626.0,49305.0,5997.0,415309.0,6944.0,248557.0,267040.0,18854.0,34489.0,64635.0,3841.0,4248.0,100370.0,13249.0,187830.0,19162.0,17729.0,132544.0,312474.0,397029.0,52074.0,10922.0,26423.0,1000000.0,33625.0,45231.0,136774.0,40075.0,25.94,50.03,100336_9598_704508,1676933481210,-1.0,-1.0,-1.0,-1.0,-1.0,exposure_11
10000.0,1595.0,9775.0,38798.0,29028.0,103615.0,49283.0,5998.0,415275.0,6949.0,248876.0,266709.0,18808.0,34485.0,64626.0,3842.0,4249.0,100361.0,13247.0,187973.0,19163.0,17731.0,132560.0,312154.0,395327.0,52068.0,10921.0,26477.0,1000000.0,33612.0,45192.0,136881.0,40067.0,25.9,49.94,100336_9598_704508,1676933482174,-1.0,-1.0,-1.0,-1.0,-1.0,exposure_11
10000.0,1593.0,9778.0,38796.0,29026.0,103542.0,49278.0,5999.0,415446.0,6943.0,248109.0,266414.0,18779.0,34497.0,64612.0,3843.0,4249.0,100346.0,13240.0,188445.0,19164.0,17733.0,132610.0,312425.0,394928.0,52071.0,10921.0,26445.0,1000000.0,33606.0,45132.0,136896.0,40041.0,25.91,49.86,100336_9598_704508,1676933483150,-1.0,-1.0,-1.0,-1.0,-1.0,exposure_11
10000.0,1593.0,9775.0,38797.0,29082.0,103656.0,49296.0,5999.0,415190.0,6942.0,248850.0,266034.0,18751.0,34498.0,64615.0,3841.0,4249.0,100345.0,13244.0,188381.0,19162.0,17730.0,132636.0,312492.0,396022.0,52079.0,10918.0,26428.0,1000000.0,33612.0,45100.0,136925.0,40059.0,25.92,49.78,100336_9598_704508,1676933484120,-1.0,-1.0,-1.0,-1.0,-1.0,exposure_11
10000.0,1596.0,9778.0,38811.0,29035.0,103582.0,49298.0,5999.0,414440.0,6943.0,248427.0,265968.0,18721.0,34493.0,64608.0,3843.0,4244.0,100328.0,13240.0,188194.0,19162.0,17727.0,132590.0,312186.0,394845.0,52083.0,10923.0,26403.0,1000000.0,33591.0,45048.0,136824.0,40073.0,25.92,49.7,100336_9598_704508,1676933485084,-1.0,-1.0,-1.0,-1.0,-1.0,exposure_11
10000.0,1593.0,9777.0,38800.0,29036.0,103557.0,49343.0,5998.0,415252.0,6942.0,248821.0,265629.0,18697.0,34493.0,64604.0,3840.0,4249.0,100340.0,13238.0,188094.0,19164.0,17732.0,132773.0,312073.0,396079.0,52040.0,10921.0,26489.0,1000000.0,33585.0,44990.0,136861.0,40045.0,25.91,49.62,100336_9598_704508,1676933486060,-1.0,-1.0,-1.0,-1.0,-1.0,exposure_11
10000.0,1594.0,9776.0,38809.0,29030.0,103541.0,49322.0,6000.0,414768.0,6942.0,248545.0,265487.0,18670.0,34492.0,64594.0,3841.0,4248.0,100329.0,13244.0,188107.0,19160.0,17730.0,132694.0,312437.0,395232.0,52081.0,10920.0,26445.0,1000000.0,33577.0,44940.0,136896.0,40055.0,25.92,49.54,100336_9598_704508,1676933487035,-1.0,-1.0,-1.0,-1.0,-1.0,exposure_11
10000.0,1596.0,9777.0,38809.0,29005.0,103582.0,49294.0,5998.0,415350.0,6942.0,248380.0,265205.0,18652.0,34490.0,64586.0,3840.0,4248.0,100317.0,13245.0,188523.0,19164.0,17731.0,132565.0,312301.0,395070.0,52045.0,10919.0,26510.0,1000000.0,33568.0,44865.0,136936.0,40044.0,25.89,49.46,100336_9598_704508,1676933488010,-1.0,-1.0,-1.0,-1.0,-1.0,exposure_11
10000.0,1592.0,9776.0,38813.0,29016.0,103577.0,49290.0,5997.0,414918.0,6943.0,248261.0,265115.0,18615.0,34482.0,64591.0,3841.0,4247.0,100300.0,13237.0,188059.0,19163.0,17732.0,132481.0,312350.0,394388.0,52067.0,10921.0,26413.0,1000000.0,33562.0,44845.0,136850.0,40069.0,25.91,49.37,100336_9598_704508,1676933488986,-1.0,-1.0,-1.0,-1.0,-1.0,exposure_11
10000.0,1594.0,9780.0,38809.0,28995.0,103525.0,49337.0,5999.0,414517.0,6943.0,248516.0,264908.0,18596.0,34490.0,64575.0,3839.0,4248.0,100317.0,13237.0,187966.0,19165.0,17734.0,132568.0,312607.0,394278.0,52107.0,10921.0,26449.0,1000000.0,33564.0,44791.0,136790.0,40070.0,25.97,49.3,100336_9598_704508,1676933489960,-1.0,-1.0,-1.0,-1.0,-1.0,exposure_11
10000.0,1592.0,9779.0,38801.0,28952.0,103581.0,49328.0,5999.0,414864.0,6941.0,248416.0,264585.0,18563.0,34483.0,64576.0,3839.0,4248.0,100310.0,13240.0,188240.0,19165.0,17729.0,132502.0,311971.0,393710.0,52093.0,10918.0,26510.0,1000000.0,33552.0,44739.0,136706.0,40077.0,25.94,49.22,100336_9598_704508,1676933490931,-1.0,-1.0,-1.0,-1.0,-1.0,exposure_11
10000.0,1596.0,9779.0,38818.0,28926.0,103608.0,49324.0,5997.0,414157.0,6943.0,248178.0,264457.0,18532.0,34498.0,64565.0,3839.0,4249.0,100298.0,13237.0,187799.0,19167.0,17730.0,132458.0,311926.0,392334.0,52054.0,10920.0,26375.0,1000000.0,33544.0,44654.0,136889.0,40056.0,25.94,49.14,100336_9598_704508,1676933491896,-1.0,-1.0,-1.0,-1.0,-1.0,exposure_11
10000.0,1592.0,9783.0,38816.0,28940.0,103557.0,49323.0,5995.0,414879.0,6943.0,249038.0,263572.0,18471.0,34489.0,64563.0,3839.0,4248.0,100293.0,13236.0,188301.0,19164.0,17729.0,132552.0,312002.0,392344.0,52023.0,10920.0,26350.0,1000000.0,33518.0,44515.0,136712.0,40057.0,25.91,48.94,100336_9598_704508,1676933493846,-1.0,-1.0,-1.0,-1.0,-1.0,exposure_11
10000.0,1593.0,9783.0,38818.0,28911.0,103506.0,49318.0,5998.0,414325.0,6944.0,248497.0,263514.0,18448.0,34486.0,64578.0,3839.0,4249.0,100280.0,13230.0,188163.0,19168.0,17727.0,132605.0,312042.0,392125.0,52010.0,10919.0,26356.0,1000000.0,33509.0,44500.0,136874.0,40054.0,25.96,48.87,100336_9598_704508,1676933494822,-1.0,-1.0,-1.0,-1.0,-1.0,exposure_11
10000.0,1591.0,9782.0,38812.0,28887.0,103497.0,49313.0,5998.0,414371.0,6940.0,248331.0,263282.0,18427.0,34490.0,64557.0,3837.0,4246.0,100280.0,13230.0,187882.0,19167.0,17730.0,132580.0,312114.0,391588.0,52002.0,10918.0,26394.0,1000000.0,33501.0,44444.0,136722.0,40020.0,25.89,48.75,100336_9598_704508,1676933495797,-1.0,-1.0,-1.0,-1.0,-1.0,exposure_11
10000.0,1596.0,9783.0,38819.0,28873.0,103502.0,49275.0,6000.0,413917.0,6944.0,248068.0,263168.0,18409.0,34482.0,64569.0,3841.0,4247.0,100266.0,13230.0,187340.0,19167.0,17725.0,132609.0,311783.0,390838.0,52018.0,10916.0,26396.0,1000000.0,33491.0,44400.0,136793.0,40062.0,25.93,48.69,100336_9598_704508,1676933496772,-1.0,-1.0,-1.0,-1.0,-1.0,exposure_11
10000.0,1593.0,9780.0,38815.0,28867.0,103464.0,49287.0,5997.0,413551.0,6944.0,248582.0,262993.0,18385.0,34485.0,64571.0,3841.0,4246.0,100273.0,13231.0,187889.0,19163.0,17728.0,132698.0,312121.0,391056.0,52030.0,10917.0,26339.0,1000000.0,33497.0,44346.0,136741.0,40042.0,25.94,48.63,100336_9598_704508,1676933497747,-1.0,-1.0,-1.0,-1.0,-1.0,exposure_11
10000.0,1593.0,9785.0,38831.0,28849.0,103362.0,49296.0,5997.0,414449.0,6944.0,248713.0,262971.0,18368.0,34481.0,64565.0,3841.0,4248.0,100273.0,13233.0,187801.0,19163.0,17726.0,132641.0,312340.0,390610.0,52004.0,10918.0,26330.0,1000000.0,33486.0,44335.0,136794.0,39990.0,25.95,48.55,100336_9598_704508,1676933498722,-1.0,-1.0,-1.0,-1.0,-1.0,exposure_11
10000.0,1591.0,9783.0,38818.0,28834.0,103467.0,49327.0,5998.0,414365.0,6941.0,248386.0,262641.0,18361.0,34479.0,64555.0,3841.0,4247.0,100281.0,13230.0,187873.0,19169.0,17728.0,132649.0,312211.0,390546.0,51985.0,10915.0,26389.0,1000000.0,33488.0,44297.0,136829.0,40045.0,25.91,48.49,100336_9598_704508,1676933499697,-1.0,-1.0,-1.0,-1.0,-1.0,exposure_11
10000.0,1595.0,9782.0,38836.0,28832.0,103379.0,49265.0,5999.0,413770.0,6942.0,247884.0,262652.0,18361.0,34491.0,64560.0,3841.0,4248.0,100275.0,13233.0,187613.0,19165.0,17730.0,132601.0,311981.0,389712.0,51988.0,10918.0,26308.0,1000000.0,33486.0,44285.0,136658.0,40019.0,25.95,48.46,100336_9598_704508,1676933500672,-1.0,-1.0,-1.0,-1.0,-1.0,exposure_11
10000.0,1594.0,9784.0,38820.0,28809.0,103411.0,49309.0,5996.0,413489.0,6943.0,248438.0,262679.0,18351.0,34487.0,64542.0,3841.0,4249.0,100290.0,13233.0,188141.0,19170.0,17733.0,132583.0,312258.0,390246.0,52032.0,10917.0,26294.0,1000000.0,33486.0,44305.0,136763.0,40023.0,25.92,48.41,100336_9598_704508,1676933501647,-1.0,-1.0,-1.0,-1.0,-1.0,exposure_11
10000.0,1595.0,9783.0,38811.0,28794.0,103372.0,49282.0,5995.0,414610.0,6941.0,248140.0,262690.0,18341.0,34500.0,64560.0,3841.0,4248.0,100273.0,13232.0,187948.0,19168.0,17730.0,132625.0,311876.0,390163.0,51981.0,10916.0,26352.0,1000000.0,33481.0,44272.0,136761.0,40003.0,25.88,48.39,100336_9598_704508,1676933502622,-1.0,-1.0,-1.0,-1.0,-1.0,exposure_11
10000.0,1597.0,9783.0,38838.0,28779.0,103431.0,49299.0,5998.0,413869.0,6942.0,248273.0,262448.0,18336.0,34489.0,64535.0,3840.0,4249.0,100278.0,13229.0,187945.0,19168.0,17733.0,132697.0,312230.0,390141.0,51973.0,10918.0,26333.0,1000000.0,33478.0,44233.0,136696.0,40030.0,25.93,48.37,100336_9598_704508,1676933503598,-1.0,-1.0,-1.0,-1.0,-1.0,recovery_11
10000.0,1594.0,9785.0,38819.0,28801.0,103453.0,49296.0,5997.0,414472.0,6944.0,248797.0,262390.0,18320.0,34493.0,64542.0,3838.0,4245.0,100245.0,13222.0,187978.0,19167.0,17721.0,132627.0,312127.0,389771.0,51931.0,10917.0,26368.0,1000000.0,33467.0,44138.0,136643.0,40028.0,25.92,48.33,100336_9598_704508,1676933504573,-1.0,-1.0,-1.0,-1.0,-1.0,recovery_11
10000.0,1591.0,9785.0,38822.0,28790.0,103299.0,49275.0,5995.0,413925.0,6943.0,248469.0,262104.0,18286.0,34490.0,64543.0,3839.0,4248.0,100253.0,13232.0,187984.0,19168.0,17731.0,132558.0,312175.0,389916.0,51952.0,10916.0,26331.0,1000000.0,33433.0,44007.0,136536.0,39997.0,25.92,48.28,100336_9598_704508,1676933505548,-1.0,-1.0,-1.0,-1.0,-1.0,recovery_11
10000.0,1596.0,9780.0,38819.0,28817.0,103320.0,49269.0,5996.0,413799.0,6941.0,247494.0,260308.0,18055.0,34482.0,64451.0,3836.0,4245.0,100173.0,13218.0,188633.0,19168.0,17693.0,132536.0,311946.0,384854.0,51819.0,10910.0,26225.0,1000000.0,33312.0,43368.0,136458.0,39927.0,25.91,48.09,100336_9598_704508,1676933506523,-1.0,-1.0,-1.0,-1.0,-1.0,recovery_11
10000.0,1597.0,9771.0,38794.0,28712.0,103104.0,49215.0,5992.0,411988.0,6941.0,247086.0,256748.0,17651.0,34469.0,64347.0,3830.0,4240.0,100082.0,13205.0,188079.0,19167.0,17668.0,132400.0,311551.0,380988.0,51710.0,10905.0,26194.0,1000000.0,33200.0,42805.0,136540.0,39916.0,25.94,47.59,100336_9598_704508,1676933507498,-1.0,-1.0,-1.0,-1.0,-1.0,recovery_11
10000.0,1591.0,9766.0,38799.0,28642.0,102911.0,49231.0,5991.0,412020.0,6936.0,247105.0,254350.0,17300.0,34467.0,64283.0,3827.0,4237.0,100004.0,13190.0,188059.0,19173.0,17645.0,132312.0,311515.0,378521.0,51742.0,10902.0,26091.0,966239.0,33107.0,42334.0,136664.0,39900.0,25.89,46.94,100336_9598_704508,1676933508473,-1.0,-1.0,-1.0,-1.0,-1.0,recovery_11
10000.0,1593.0,9758.0,38792.0,28694.0,102829.0,49162.0,5990.0,410541.0,6937.0,246278.0,252249.0,16994.0,34451.0,64250.0,3821.0,4234.0,99953.0,13188.0,188086.0,19172.0,17628.0,132341.0,311506.0,375410.0,51679.0,10901.0,26043.0,909507.0,33020.0,41901.0,136664.0,39856.0,25.91,46.23,100336_9598_704508,1676933509448,-1.0,-1.0,-1.0,-1.0,-1.0,recovery_11
10000.0,1590.0,9750.0,38793.0,28690.0,102794.0,49164.0,5988.0,409787.0,6933.0,246074.0,250279.0,16723.0,34453.0,64208.0,3823.0,4233.0,99917.0,13181.0,187669.0,19171.0,17614.0,132233.0,311136.0,372792.0,51652.0,10898.0,25995.0,868671.0,32950.0,41581.0,136565.0,39829.0,25.9,45.48,100336_9598_704508,1676933510422,-1.0,-1.0,-1.0,-1.0,-1.0,recovery_11
10000.0,1592.0,9743.0,38801.0,28669.0,102641.0,49122.0,5985.0,409470.0,6937.0,245966.0,249065.0,16519.0,34446.0,64178.0,3820.0,4230.0,99884.0,13174.0,187714.0,19170.0,17604.0,132148.0,311309.0,370793.0,51605.0,10898.0,25915.0,834000.0,32883.0,41280.0,136680.0,39821.0,25.91,44.79,100336_9598_704508,1676933511398,-1.0,-1.0,-1.0,-1.0,-1.0,recovery_11
10000.0,1590.0,9746.0,38788.0,28684.0,102573.0,49120.0,5981.0,408829.0,6935.0,245721.0,247739.0,16341.0,34460.0,64146.0,3822.0,4227.0,99849.0,13169.0,187748.0,19176.0,17591.0,132302.0,310828.0,369576.0,51507.0,10895.0,25894.0,807183.0,32839.0,41037.0,136578.0,39811.0,25.89,44.15,100336_9598_704508,1676933512373,-1.0,-1.0,-1.0,-1.0,-1.0,recovery_11
10000.0,1592.0,9738.0,38803.0,28579.0,102469.0,49103.0,5987.0,407447.0,6934.0,245093.0,246585.0,16179.0,34448.0,64115.0,3820.0,4226.0,99817.0,13171.0,187554.0,19174.0,17580.0,132029.0,311206.0,367981.0,51506.0,10896.0,25869.0,783960.0,32792.0,40830.0,136511.0,39782.0,25.91,43.54,100336_9598_704508,1676933513348,-1.0,-1.0,-1.0,-1.0,-1.0,recovery_11
10000.0,1593.0,9734.0,38805.0,28530.0,102513.0,49133.0,5982.0,407703.0,6936.0,245119.0,245727.0,16046.0,34449.0,64106.0,3817.0,4222.0,99792.0,13166.0,187346.0,19176.0,17568.0,132015.0,310799.0,365515.0,51444.0,10894.0,25839.0,766424.0,32754.0,40650.0,136502.0,39768.0,25.91,42.97,100336_9598_704508,1676933514313,-1.0,-1.0,-1.0,-1.0,-1.0,recovery_11
10000.0,1590.0,9729.0,38804.0,28540.0,102425.0,49121.0,5986.0,407537.0,6938.0,244421.0,244729.0,15938.0,34443.0,64096.0,3816.0,4227.0,99772.0,13167.0,187751.0,19177.0,17561.0,132174.0,310715.0,365156.0,51420.0,10894.0,25828.0,750769.0,32724.0,40492.0,136554.0,39799.0,25.9,42.46,100336_9598_704508,1676933515287,-1.0,-1.0,-1.0,-1.0,-1.0,recovery_11
10000.0,1591.0,9728.0,38783.0,28515.0,102339.0,49106.0,5980.0,407387.0,6934.0,244537.0,244257.0,15838.0,34444.0,64053.0,3816.0,4223.0,99767.0,13162.0,187254.0,19173.0,17554.0,132164.0,310970.0,364080.0,51405.0,10895.0,25800.0,735229.0,32689.0,40331.0,136603.0,39777.0,25.89,42.0,100336_9598_704508,1676933516261,-1.0,-1.0,-1.0,-1.0,-1.0,recovery_11
10000.0,1590.0,9724.0,38774.0,28280.0,102251.0,49114.0,5982.0,406953.0,6933.0,244450.0,243518.0,15744.0,34443.0,64057.0,3816.0,4222.0,99735.0,13157.0,187683.0,19174.0,17544.0,132069.0,310584.0,362852.0,51357.0,10893.0,25798.0,722946.0,32661.0,40202.0,136532.0,39753.0,25.89,41.58,100336_9598_704508,1676933517238,-1.0,-1.0,-1.0,-1.0,-1.0,recovery_11
10000.0,1592.0,9720.0,38797.0,28107.0,102267.0,49117.0,5979.0,406322.0,6934.0,244750.0,242923.0,15671.0,34428.0,64030.0,3817.0,4218.0,99712.0,13159.0,187989.0,19175.0,17542.0,132132.0,310483.0,361986.0,51303.0,10893.0,25775.0,711196.0,32635.0,40071.0,136678.0,39725.0,25.88,41.21,100336_9598_704508,1676933518213,-1.0,-1.0,-1.0,-1.0,-1.0,recovery_11
10000.0,1592.0,9721.0,38785.0,28107.0,102257.0,49131.0,5978.0,406080.0,6934.0,244159.0,242277.0,15595.0,34436.0,64008.0,3816.0,4219.0,99691.0,13161.0,187599.0,19178.0,17539.0,132148.0,310593.0,360587.0,51297.0,10889.0,25776.0,702512.0,32616.0,39968.0,136733.0,39757.0,25.87,40.89,100336_9598_704508,1676933519188,-1.0,-1.0,-1.0,-1.0,-1.0,recovery_11
10000.0,1592.0,9714.0,38771.0,28037.0,102176.0,49116.0,5978.0,406440.0,6934.0,244366.0,241701.0,15535.0,34437.0,64012.0,3818.0,4218.0,99697.0,13157.0,187668.0,19175.0,17524.0,132022.0,310524.0,359850.0,51284.0,10894.0,25751.0,694301.0,32588.0,39874.0,136681.0,39731.0,25.9,40.59,100336_9598_704508,1676933520162,-1.0,-1.0,-1.0,-1.0,-1.0,recovery_11
10000.0,1592.0,9714.0,38782.0,27951.0,102160.0,49104.0,5977.0,405843.0,6934.0,244807.0,241397.0,15470.0,34442.0,64002.0,3817.0,4217.0,99675.0,13153.0,187640.0,19176.0,17527.0,132141.0,310184.0,360024.0,51226.0,10891.0,25712.0,687918.0,32571.0,39777.0,136723.0,39720.0,25.84,40.28,100336_9598_704508,1676933521138,-1.0,-1.0,-1.0,-1.0,-1.0,recovery_11
10000.0,1592.0,9715.0,38763.0,27869.0,102089.0,49061.0,5978.0,405986.0,6935.0,243903.0,240965.0,15430.0,34433.0,63985.0,3818.0,4214.0,99664.0,13155.0,187667.0,19176.0,17517.0,132013.0,310522.0,357629.0,51233.0,10885.0,25713.0,680203.0,32557.0,39690.0,136744.0,39740.0,25.87,40.06,100336_9598_704508,1676933522103,-1.0,-1.0,-1.0,-1.0,-1.0,recovery_11
10000.0,1591.0,9708.0,38780.0,27846.0,102135.0,49087.0,5978.0,405131.0,6934.0,244060.0,240561.0,15377.0,34436.0,63982.0,3817.0,4213.0,99653.0,13157.0,187769.0,19177.0,17516.0,132142.0,310364.0,357711.0,51228.0,10892.0,25704.0,673419.0,32545.0,39623.0,136665.0,39711.0,25.9,39.86,100336_9598_704508,1676933523076,-1.0,-1.0,-1.0,-1.0,-1.0,recovery_11
10000.0,1590.0,9708.0,38755.0,27744.0,101925.0,49094.0,5976.0,405676.0,6933.0,243743.0,240383.0,15330.0,34438.0,63972.0,3816.0,4212.0,99648.0,13153.0,187826.0,19178.0,17513.0,132106.0,310317.0,357218.0,51222.0,10888.0,25634.0,667311.0,32521.0,39543.0,136721.0,39727.0,25.9,39.64,100336_9598_704508,1676933524051,-1.0,-1.0,-1.0,-1.0,-1.0,recovery_11
10000.0,1593.0,9704.0,38750.0,27762.0,101990.0,49081.0,5976.0,405591.0,6934.0,243441.0,240119.0,15293.0,34432.0,63965.0,3818.0,4210.0,99629.0,13154.0,187969.0,19178.0,17510.0,132043.0,309948.0,357042.0,51064.0,10888.0,25689.0,661526.0,32513.0,39467.0,136661.0,39709.0,25.85,39.44,100336_9598_704508,1676933525027,-1.0,-1.0,-1.0,-1.0,-1.0,recovery_11
10000.0,1591.0,9701.0,38747.0,27654.0,101990.0,49081.0,5977.0,404969.0,6932.0,243576.0,239652.0,15253.0,34433.0,63968.0,3817.0,4211.0,99622.0,13151.0,187968.0,19182.0,17509.0,132085.0,310303.0,357381.0,51104.0,10889.0,25720.0,657309.0,32504.0,39401.0,136639.0,39682.0,25.91,39.31,100336_9598_704508,1676933525992,-1.0,-1.0,-1.0,-1.0,-1.0,recovery_11
10000.0,1592.0,9699.0,38760.0,27511.0,101984.0,49053.0,5976.0,404821.0,6931.0,243867.0,239095.0,15185.0,34439.0,63944.0,3819.0,4212.0,99612.0,13150.0,187663.0,19182.0,17498.0,132133.0,310465.0,355171.0,51100.0,10886.0,25694.0,648393.0,32484.0,39290.0,136590.0,39689.0,25.88,39.01,100336_9598_704508,1676933527927,-1.0,-1.0,-1.0,-1.0,-1.0,recovery_11
10000.0,1590.0,9699.0,38751.0,27483.0,101941.0,49074.0,5974.0,404681.0,6934.0,243677.0,238813.0,15154.0,34428.0,63946.0,3818.0,4211.0,99604.0,13151.0,187744.0,19181.0,17492.0,132131.0,310212.0,355519.0,51088.0,10888.0,25623.0,644037.0,32462.0,39246.0,136564.0,39737.0,25.86,38.88,100336_9598_704508,1676933528902,-1.0,-1.0,-1.0,-1.0,-1.0,recovery_11
10000.0,1589.0,9695.0,38730.0,27401.0,101944.0,49089.0,5977.0,404326.0,6931.0,243417.0,238538.0,15129.0,34429.0,63944.0,3819.0,4210.0,99587.0,13151.0,187723.0,19182.0,17489.0,132012.0,310361.0,355073.0,51122.0,10886.0,25606.0,640160.0,32452.0,39192.0,136574.0,39709.0,25.87,38.77,100336_9598_704508,1676933529876,-1.0,-1.0,-1.0,-1.0,-1.0,recovery_11
10000.0,1592.0,9696.0,38729.0,27374.0,101933.0,49073.0,5974.0,404090.0,6930.0,243448.0,238432.0,15103.0,34437.0,63934.0,3817.0,4208.0,99583.0,13150.0,187852.0,19180.0,17485.0,131991.0,310241.0,354442.0,51108.0,10884.0,25579.0,636392.0,32438.0,39133.0,136557.0,39708.0,25.9,38.66,100336_9598_704508,1676933530850,-1.0,-1.0,-1.0,-1.0,-1.0,recovery_11
10000.0,1594.0,9694.0,38758.0,27247.0,101826.0,49068.0,5974.0,403628.0,6934.0,243541.0,238214.0,15082.0,34426.0,63940.0,3818.0,4209.0,99594.0,13148.0,188044.0,19182.0,17490.0,131952.0,310494.0,354398.0,51114.0,10886.0,25622.0,633398.0,32425.0,39117.0,136679.0,39703.0,25.88,38.56,100336_9598_704508,1676933531826,-1.0,-1.0,-1.0,-1.0,-1.0,recovery_11
10000.0,1589.0,9694.0,38746.0,27156.0,101804.0,49055.0,5975.0,403586.0,6932.0,244004.0,238037.0,15051.0,34438.0,63936.0,3818.0,4210.0,99565.0,13149.0,188200.0,19184.0,17483.0,132013.0,310395.0,354189.0,51082.0,10888.0,25552.0,630014.0,32434.0,39071.0,136638.0,39666.0,25.87,38.46,100336_9598_704508,1676933532801,-1.0,-1.0,-1.0,-1.0,-1.0,recovery_11
10000.0,1591.0,9690.0,38723.0,27146.0,101856.0,49077.0,5971.0,404165.0,6932.0,243312.0,237950.0,15030.0,34428.0,63933.0,3814.0,4209.0,99568.0,13148.0,187818.0,19186.0,17477.0,132043.0,310425.0,353455.0,51054.0,10883.0,25604.0,629576.0,32418.0,39017.0,136672.0,39690.0,25.91,38.38,100336_9598_704508,1676933533776,-1.0,-1.0,-1.0,-1.0,-1.0,recovery_11
10000.0,1590.0,9694.0,38728.0,27078.0,101782.0,49065.0,5975.0,403730.0,6932.0,243427.0,237669.0,15013.0,34427.0,63926.0,3818.0,4207.0,99561.0,13150.0,188121.0,19182.0,17475.0,131946.0,310174.0,352691.0,51051.0,10885.0,25587.0,626143.0,32403.0,38986.0,136712.0,39709.0,25.87,38.29,100336_9598_704508,1676933534751,-1.0,-1.0,-1.0,-1.0,-1.0,recovery_11
10000.0,1591.0,9690.0,38735.0,27041.0,101787.0,49071.0,5975.0,403317.0,6934.0,243665.0,237552.0,14992.0,34430.0,63929.0,3816.0,4207.0,99557.0,13149.0,187901.0,19178.0,17472.0,132089.0,310412.0,353866.0,51019.0,10884.0,25558.0,623605.0,32406.0,38978.0,136572.0,39688.0,25.85,38.22,100336_9598_704508,1676933535726,-1.0,-1.0,-1.0,-1.0,-1.0,recovery_11
10000.0,1592.0,9690.0,38737.0,26973.0,101869.0,49089.0,5974.0,403746.0,6933.0,243557.0,237234.0,14973.0,34433.0,63919.0,3818.0,4206.0,99546.0,13148.0,187662.0,19183.0,17472.0,131928.0,310110.0,352516.0,50992.0,10888.0,25654.0,622086.0,32393.0,38918.0,136541.0,39701.0,25.85,38.13,100336_9598_704508,1676933536691,-1.0,-1.0,-1.0,-1.0,-1.0,recovery_11
10000.0,1591.0,9688.0,38733.0,26935.0,101766.0,49121.0,5976.0,403279.0,6933.0,243616.0,237314.0,14957.0,34428.0,63926.0,3817.0,4207.0,99545.0,13150.0,187998.0,19182.0,17473.0,132068.0,310126.0,352841.0,50998.0,10887.0,25635.0,619564.0,32400.0,38895.0,136571.0,39703.0,25.87,38.08,100336_9598_704508,1676933537666,-1.0,-1.0,-1.0,-1.0,-1.0,recovery_11
10000.0,1591.0,9682.0,38711.0,26823.0,101794.0,49085.0,5973.0,403071.0,6935.0,243357.0,237025.0,14943.0,34419.0,63931.0,3817.0,4205.0,99557.0,13147.0,187945.0,19182.0,17473.0,131973.0,310459.0,352288.0,51006.0,10887.0,25573.0,617903.0,32390.0,38886.0,136548.0,39674.0,25.89,38.03,100336_9598_704508,1676933538640,-1.0,-1.0,-1.0,-1.0,-1.0,recovery_11
10000.0,1591.0,9687.0,38705.0,26841.0,101775.0,49043.0,5974.0,403028.0,6935.0,243076.0,237061.0,14940.0,34421.0,63933.0,3820.0,4205.0,99539.0,13151.0,187835.0,19186.0,17467.0,132000.0,310394.0,351819.0,50959.0,10887.0,25598.0,617030.0,32384.0,38881.0,136435.0,39686.0,25.85,37.98,100336_9598_704508,1676933539615,-1.0,-1.0,-1.0,-1.0,-1.0,recovery_11
10000.0,1594.0,9682.0,38717.0,26764.0,101737.0,49056.0,5972.0,402477.0,6933.0,243225.0,236949.0,14929.0,34424.0,63926.0,3814.0,4204.0,99538.0,13152.0,187794.0,19188.0,17471.0,131914.0,310413.0,351224.0,50994.0,10887.0,25591.0,615598.0,32382.0,38867.0,136424.0,39659.0,25.88,37.96,100336_9598_704508,1676933540590,-1.0,-1.0,-1.0,-1.0,-1.0,recovery_11
10000.0,1592.0,9683.0,38719.0,26805.0,101799.0,49092.0,5975.0,403027.0,6935.0,243167.0,237019.0,14926.0,34427.0,63912.0,3819.0,4204.0,99533.0,13154.0,187775.0,19183.0,17467.0,132013.0,310226.0,351212.0,50999.0,10887.0,25608.0,613586.0,32373.0,38854.0,136486.0,39682.0,25.86,37.91,100336_9598_704508,1676933541565,-1.0,-1.0,-1.0,-1.0,-1.0,recovery_11
10000.0,1591.0,9680.0,38719.0,26747.0,101707.0,49067.0,5974.0,402760.0,6935.0,242989.0,236814.0,14907.0,34422.0,63915.0,3816.0,4207.0,99550.0,13150.0,187371.0,19183.0,17463.0,132057.0,310326.0,351417.0,50989.0,10888.0,25624.0,611600.0,32373.0,38826.0,136541.0,39657.0,25.83,37.89,100336_9598_704508,1676933542540,-1.0,-1.0,-1.0,-1.0,-1.0,recovery_11
10000.0,1591.0,9683.0,38697.0,26716.0,101809.0,49092.0,5973.0,402687.0,6933.0,242985.0,236707.0,14895.0,34419.0,63918.0,3814.0,4206.0,99531.0,13148.0,187711.0,19186.0,17467.0,131964.0,310406.0,351020.0,50949.0,10887.0,25549.0,611422.0,32375.0,38814.0,136511.0,39676.0,25.89,37.87,100336_9598_704508,1676933543515,-1.0,-1.0,-1.0,-1.0,-1.0,recovery_11
10000.0,1591.0,9681.0,38725.0,26703.0,101814.0,49102.0,5972.0,402719.0,6934.0,243050.0,236951.0,14894.0,34425.0,63904.0,3817.0,4206.0,99533.0,13150.0,187514.0,19183.0,17464.0,131890.0,310367.0,350609.0,50939.0,10884.0,25603.0,609225.0,32368.0,38800.0,136551.0,39674.0,25.89,37.84,100336_9598_704508,1676933544489,-1.0,-1.0,-1.0,-1.0,-1.0,recovery_11
10000.0,1593.0,9680.0,38705.0,26689.0,101840.0,49064.0,5973.0,402571.0,6936.0,242737.0,236807.0,14874.0,34423.0,63914.0,3819.0,4204.0,99528.0,13150.0,187481.0,19181.0,17467.0,132060.0,310298.0,351385.0,50888.0,10888.0,25648.0,607256.0,32356.0,38783.0,136529.0,39674.0,25.88,37.8,100336_9598_704508,1676933545463,-1.0,-1.0,-1.0,-1.0,-1.0,recovery_11
10000.0,1592.0,9679.0,38718.0,26612.0,101837.0,49072.0,5974.0,402901.0,6935.0,243087.0,236658.0,14854.0,34427.0,63906.0,3818.0,4203.0,99529.0,13152.0,187943.0,19182.0,17454.0,131891.0,310357.0,349727.0,50925.0,10885.0,25506.0,606597.0,32354.0,38768.0,136583.0,39650.0,25.85,37.76,100336_9598_704508,1676933546439,-1.0,-1.0,-1.0,-1.0,-1.0,recovery_11
10000.0,1591.0,9678.0,38705.0,26605.0,101810.0,49065.0,5973.0,402969.0,6932.0,243090.0,236753.0,14869.0,34431.0,63903.0,3818.0,4207.0,99534.0,13153.0,187831.0,19182.0,17461.0,132026.0,309976.0,349481.0,50917.0,10889.0,25558.0,607199.0,32374.0,38767.0,136517.0,39654.0,25.89,37.75,100336_9598_704508,1676933547414,-1.0,-1.0,-1.0,-1.0,-1.0,recovery_11
10000.0,1591.0,9678.0,38688.0,26552.0,101813.0,49053.0,5974.0,402841.0,6935.0,243218.0,236876.0,14867.0,34430.0,63915.0,3819.0,4205.0,99515.0,13144.0,187795.0,19181.0,17459.0,131904.0,310117.0,349510.0,50906.0,10887.0,25555.0,606675.0,32359.0,38760.0,136604.0,39656.0,25.89,37.76,100336_9598_704508,1676933548389,-1.0,-1.0,-1.0,-1.0,-1.0,recovery_11
10000.0,1593.0,9675.0,38722.0,26505.0,101750.0,49079.0,5972.0,402650.0,6935.0,243376.0,236735.0,14853.0,34434.0,63932.0,3818.0,4202.0,99513.0,13149.0,187504.0,19183.0,17455.0,131775.0,310062.0,349783.0,50901.0,10886.0,25581.0,604754.0,32354.0,38728.0,136586.0,39687.0,25.91,37.75,100336_9598_704508,1676933549364,-1.0,-1.0,-1.0,-1.0,-1.0,recovery_11
10000.0,1592.0,9679.0,38707.0,26482.0,101752.0,49036.0,5971.0,402331.0,6933.0,243427.0,236671.0,14835.0,34430.0,63910.0,3820.0,4202.0,99507.0,13148.0,187810.0,19178.0,17454.0,131757.0,310021.0,349242.0,50878.0,10884.0,25501.0,602334.0,32337.0,38697.0,136594.0,39636.0,25.88,37.71,100336_9598_704508,1676933550338,-1.0,-1.0,-1.0,-1.0,-1.0,recovery_11
10000.0,1590.0,9674.0,38688.0,26461.0,101696.0,49029.0,5973.0,402376.0,6936.0,243635.0,236613.0,14831.0,34430.0,63923.0,3816.0,4202.0,99518.0,13148.0,187558.0,19180.0,17459.0,131909.0,310110.0,349797.0,50907.0,10884.0,25567.0,602633.0,32348.0,38690.0,136513.0,39683.0,25.86,37.68,100336_9598_704508,1676933551313,-1.0,-1.0,-1.0,-1.0,-1.0,recovery_11
10000.0,1589.0,9674.0,38686.0,26455.0,101729.0,49039.0,5971.0,402768.0,6934.0,243363.0,236450.0,14824.0,34423.0,63915.0,3819.0,4200.0,99511.0,13149.0,187799.0,19180.0,17452.0,132026.0,310249.0,349172.0,50897.0,10885.0,25578.0,601946.0,32341.0,38664.0,136597.0,39631.0,25.9,37.65,100336_9598_704508,1676933552287,-1.0,-1.0,-1.0,-1.0,-1.0,recovery_11
10000.0,1588.0,9673.0,38671.0,26426.0,101700.0,49010.0,5972.0,402372.0,6935.0,243021.0,236382.0,14806.0,34425.0,63899.0,3819.0,4200.0,99494.0,13149.0,187721.0,19181.0,17444.0,131952.0,310217.0,349126.0,50895.0,10886.0,25511.0,599836.0,32319.0,38637.0,136464.0,39629.0,25.89,37.61,100336_9598_704508,1676933553263,-1.0,-1.0,-1.0,-1.0,-1.0,recovery_11
10000.0,1590.0,9672.0,38690.0,26435.0,101690.0,49040.0,5972.0,402138.0,6932.0,242895.0,236208.0,14799.0,34415.0,63906.0,3815.0,4200.0,99490.0,13148.0,188020.0,19182.0,17444.0,131844.0,310423.0,348477.0,50836.0,10884.0,25476.0,598528.0,32322.0,38619.0,136576.0,39669.0,25.87,37.59,100336_9598_704508,1676933554238,-1.0,-1.0,-1.0,-1.0,-1.0,recovery_11
10000.0,1590.0,9671.0,38690.0,26404.0,101663.0,49055.0,5972.0,401575.0,6933.0,242989.0,236202.0,14790.0,34433.0,63905.0,3819.0,4202.0,99494.0,13149.0,187955.0,19184.0,17450.0,131868.0,310324.0,348825.0,50868.0,10880.0,25477.0,599680.0,32320.0,38623.0,136425.0,39644.0,25.9,37.55,100336_9598_704508,1676933555212,-1.0,-1.0,-1.0,-1.0,-1.0,recovery_11
10000.0,1593.0,9671.0,38696.0,26379.0,101681.0,49041.0,5972.0,401845.0,6933.0,242631.0,236294.0,14797.0,34427.0,63906.0,3819.0,4201.0,99496.0,13149.0,187400.0,19181.0,17449.0,131911.0,309710.0,349299.0,50893.0,10884.0,25501.0,596828.0,32320.0,38615.0,136502.0,39658.0,25.9,37.53,100336_9598_704508,1676933556187,-1.0,-1.0,-1.0,-1.0,-1.0,recovery_11
10000.0,1588.0,9670.0,38706.0,26359.0,101739.0,49053.0,5973.0,401574.0,6935.0,242830.0,236286.0,14779.0,34429.0,63890.0,3820.0,4198.0,99500.0,13149.0,187464.0,19179.0,17449.0,132034.0,309870.0,349117.0,50856.0,10883.0,25557.0,596190.0,32312.0,38593.0,136391.0,39636.0,25.89,37.52,100336_9598_704508,1676933557163,-1.0,-1.0,-1.0,-1.0,-1.0,recovery_11
10000.0,1587.0,9672.0,38698.0,26349.0,101699.0,49049.0,5972.0,401802.0,6933.0,242517.0,236107.0,14773.0,34419.0,63909.0,3820.0,4200.0,99485.0,13149.0,187554.0,19183.0,17451.0,131913.0,310020.0,348800.0,50870.0,10885.0,25519.0,596826.0,32315.0,38603.0,136516.0,39638.0,25.91,37.5,100336_9598_704508,1676933558137,-1.0,-1.0,-1.0,-1.0,-1.0,recovery_11
10000.0,1594.0,9668.0,38716.0,26383.0,101741.0,49070.0,5972.0,400838.0,6931.0,243357.0,236289.0,14790.0,34418.0,63896.0,3819.0,4200.0,99492.0,13146.0,187857.0,19185.0,17444.0,131988.0,309842.0,348544.0,50840.0,10885.0,25508.0,597800.0,32325.0,38618.0,136404.0,39630.0,25.9,37.48,100336_9598_704508,1676933559096,-1.0,-1.0,-1.0,-1.0,-1.0,recovery_11
10000.0,1592.0,9670.0,38689.0,26385.0,101764.0,49067.0,5972.0,401181.0,6932.0,243551.0,236414.0,14804.0,34418.0,63900.0,3819.0,4200.0,99503.0,13150.0,187485.0,19185.0,17451.0,131992.0,310013.0,348990.0,50853.0,10884.0,25534.0,597728.0,32326.0,38615.0,136460.0,39685.0,25.9,37.52,100336_9598_704508,1676933560071,-1.0,-1.0,-1.0,-1.0,-1.0,recovery_11
10000.0,1592.0,9672.0,38689.0,26382.0,101692.0,49068.0,5970.0,402328.0,6933.0,243206.0,236445.0,14783.0,34419.0,63907.0,3818.0,4199.0,99491.0,13145.0,187501.0,19183.0,17445.0,132014.0,310024.0,348540.0,50829.0,10883.0,25526.0,593501.0,32310.0,38600.0,136444.0,39670.0,25.87,37.55,100336_9598_704508,1676933562022,-1.0,-1.0,-1.0,-1.0,-1.0,recovery_11
10000.0,1595.0,9668.0,38691.0,26392.0,101750.0,49023.0,5972.0,401857.0,6934.0,243107.0,236210.0,14767.0,34421.0,63889.0,3818.0,4198.0,99487.0,13149.0,187655.0,19182.0,17448.0,132021.0,310011.0,348880.0,50844.0,10884.0,25574.0,593336.0,32294.0,38584.0,136491.0,39672.0,25.92,37.54,100336_9598_704508,1676933562978,-1.0,-1.0,-1.0,-1.0,-1.0,recovery_11
10000.0,1592.0,9669.0,38688.0,26382.0,101674.0,49038.0,5972.0,401247.0,6932.0,242509.0,236029.0,14752.0,34415.0,63907.0,3818.0,4198.0,99487.0,13147.0,187503.0,19184.0,17437.0,132174.0,310206.0,348948.0,50831.0,10883.0,25604.0,591306.0,32298.0,38556.0,136608.0,39660.0,25.89,37.49,100336_9598_704508,1676933563947,-1.0,-1.0,-1.0,-1.0,-1.0,recovery_11
10000.0,1591.0,9666.0,38681.0,26367.0,101741.0,49073.0,5972.0,401594.0,6933.0,243099.0,235972.0,14735.0,34415.0,63885.0,3819.0,4195.0,99467.0,13146.0,187773.0,19176.0,17432.0,132047.0,310088.0,348393.0,50827.0,10883.0,25579.0,590277.0,32291.0,38548.0,136455.0,39673.0,25.87,37.46,100336_9598_704508,1676933564923,-1.0,-1.0,-1.0,-1.0,-1.0,recovery_11
10000.0,1587.0,9667.0,38678.0,26366.0,101815.0,49074.0,5971.0,401668.0,6934.0,242591.0,235917.0,14738.0,34412.0,63883.0,3816.0,4197.0,99469.0,13150.0,187628.0,19176.0,17438.0,132023.0,309965.0,348567.0,50815.0,10883.0,25591.0,590642.0,32289.0,38533.0,136485.0,39661.0,25.89,37.41,100336_9598_704508,1676933565898,-1.0,-1.0,-1.0,-1.0,-1.0,recovery_11
